Field,ID,Type (Type),default,en-us,ru,ar,bn,zh-hans,fr,de,hi,it,pt-br,es,uk,ur
Description,2,Text,,"CyrFlip is a tiny Windows tray app that shows your active keyboard layout right where you type, and converts text between layouts with a single key.

Its headline feature is a live layout indicator pinned next to the blinking text caret, so you always know which layout you are about to type in - even in browsers and the VS Code chat box, where most indicators can't reach. The same marker can also replace the I-beam mouse cursor and is shown on the tray icon. Each of the 13 curated languages has its own colour, any other Windows layout still gets its own two-letter code, and CapsLock adds a thin frame around the marker.

Select text typed in the wrong layout and press the hotkey: CyrFlip transliterates it in place between QWERTY and ЙЦУКЕН, in both directions and even for mixed text. A separate configurable hotkey fixes accidental CapsLock the same way.

Need other languages? Build a table of layout conversions: as many ""from layout to layout"" pairs as you want, each with its own global shortcut. Text is converted by physical key position, so AZERTY and QWERTZ layouts are handled correctly, and every pair works in both directions - press the same chord again while the pair's other layout is active and the text converts back.

A settings window also replaces the Windows language pane: install, reorder and remove keyboard layouts (nothing is downloaded - they ship with Windows), pick the language-cycle shortcut, and assign direct per-language shortcuts that Windows itself handles, so they keep working even when CyrFlip is closed. Both sections keep a one-time backup of your previous state.

Optional clipboard history is disabled by default. When enabled, it keeps recent Unicode text locally, searchable in its own window; entries can be pinned, deleted, paused, or cleared, and it is protected with Windows DPAPI encryption for the current Windows user.

Quick launch is a second optional module, also off until you enable it. It turns your programs, scripts and yt-dlp downloads into scenarios you can start from the tray submenu, from a global hotkey of their own, or from the taskbar Jump List - even while CyrFlip is not running, if you pin it. Scenarios from the standalone OneClickRunner tool, which this module absorbs, can be imported on the first run without touching the originals.

A built-in translator is optional too, and off until you enable it. Select text anywhere in Windows, press its shortcut, and the translation appears in a small window next to the mouse pointer, filling in as the model writes. It runs on Ollama, a free program you install once on your own computer: CyrFlip does not bundle it, has no account and no key, and by default talks only to http://localhost:11434 - your own machine - so no text is sent to the developer or to any cloud service. Directions are an open-ended table, like the layout conversions: every row is a target language with its own global shortcut, and a row can also follow the interface language or the language of the layout active in the window you translate from. The result can be copied to the clipboard, where the optional history records it like any other copy, or pasted straight over the selection - both are off by default. The Translation tab opens the Ollama download page, starts the server, checks the connection and downloads a model: qwen2.5:3b (~2 GB) is the default, gemma2:2b (~1.6 GB) suits weaker machines, and aya-expanse:8b (~5 GB) translates noticeably better on 8 GB of RAM or more. Fair warning: the quality is the local model's, the first translation after a cold start takes a while as the model loads, Ollama and a model are a multi-gigabyte download you make once, and the memory the model uses belongs to the Ollama process, not to CyrFlip. Selections longer than 4000 characters are translated up to that point, and the window says so.

Every hotkey can be switched on or off independently, CyrFlip can yield them to a focused Remote Desktop client so the copy running inside the remote session handles them instead, and two keep-awake switches stop Windows sleeping or blanking the screen while you work.

The interface is available in 13 languages, right-to-left ones included. It runs in the system tray, uses little memory, and needs nothing extra installed on Windows 10/11.

Privacy: CyrFlip uses a keyboard hook and the clipboard only to detect the active layout and perform actions you trigger. It does not log keystrokes, and it opens no network connection unless you enable the translator, which talks only to the Ollama server you point it at - your own computer by default. Open source: https://github.com/SerZhyAle/CyrFlip","CyrFlip — крошечная утилита Windows в системном трее: она показывает активную раскладку клавиатуры прямо там, где вы печатаете, и конвертирует текст между раскладками одной клавишей.

Главная функция — живой индикатор раскладки рядом с мигающей текстовой кареткой, поэтому вы заранее видите, какой раскладкой будете печатать, — даже в браузерах и в окне чата VS Code, куда большинство индикаторов не дотягивается. Тот же маркер может заменять текстовый курсор мыши и отображается на значке в трее. У каждого из 13 популярных языков свой цвет, любая другая раскладка Windows тоже получает свой двухбуквенный код, а при включённом CapsLock вокруг маркера появляется тонкая рамка.

Выделите текст, набранный не в той раскладке, и нажмите горячую клавишу: CyrFlip транслитерирует его на месте между QWERTY и ЙЦУКЕН, в обе стороны и даже для смешанного текста. Отдельная настраиваемая горячая клавиша так же исправляет случайно включённый CapsLock.

Нужны другие языки? Соберите таблицу конвертаций: сколько угодно пар «из раскладки в раскладку», у каждой своя глобальная комбинация. Текст преобразуется по физическим клавишам, поэтому AZERTY и QWERTZ обрабатываются корректно, а каждая пара работает в обе стороны — нажмите ту же комбинацию, когда активна вторая раскладка пары, и текст конвертируется обратно.

Окно настроек заменяет и раздел языков Windows: установка, порядок и удаление раскладок (ничего не скачивается — они уже входят в состав Windows), сочетание перебора языков и прямые сочетания на каждый язык, которые обрабатывает сама Windows, поэтому они работают даже при закрытом CyrFlip. Оба раздела один раз сохраняют предыдущее состояние для отката.

Необязательная история буфера обмена по умолчанию выключена. При включении она хранит недавние Unicode-тексты локально, с поиском по всей истории в отдельном окне; записи можно закреплять, удалять, приостанавливать захват или полностью очищать, а сама история защищена шифрованием Windows DPAPI для текущей учётной записи.

«Быстрый запуск» — второй необязательный модуль, тоже выключенный, пока вы его не включите. Он превращает ваши программы, скрипты и загрузки yt-dlp в сценарии, которые запускаются из подменю в трее, по собственной глобальной комбинации или из Jump List панели задач — даже когда CyrFlip не запущен, если закрепить его на панели. Сценарии отдельной программы OneClickRunner, которую этот модуль вобрал в себя, можно перенести при первом включении, не трогая оригиналы.

Встроенный переводчик — тоже необязательный модуль, выключенный, пока вы его не включите. Выделите текст в любом приложении Windows, нажмите свою комбинацию — и перевод появится в маленьком окне у курсора мыши, дописываясь по мере того, как его пишет модель. Работает он на Ollama — бесплатной программе, которую вы один раз ставите на свой компьютер: CyrFlip её в себе не несёт, не требует ни учётной записи, ни ключа и по умолчанию обращается только к http://localhost:11434 — то есть к вашей же машине, — поэтому текст не уходит ни разработчику, ни в облако. Направления перевода — открытая таблица, как и конвертации раскладок: в каждой строке язык перевода и своя глобальная комбинация, а строка может следовать за языком интерфейса или за языком раскладки, активной в том окне, откуда вы переводите. Результат можно класть в буфер обмена, где необязательная история запишет его как обычную копию, или сразу вставлять вместо выделения — по умолчанию выключено и то и другое. Вкладка «Перевод» открывает страницу загрузки Ollama, запускает сервер, проверяет связь и загружает модель: по умолчанию qwen2.5:3b (~2 ГБ), для слабых машин gemma2:2b (~1,6 ГБ), а aya-expanse:8b (~5 ГБ) переводит заметно лучше при 8 ГБ ОЗУ и больше. Честные оговорки: качество — это качество локальной модели, первый перевод после холодного старта идёт дольше, пока модель загружается, Ollama вместе с моделью — это многогигабайтная загрузка, которую вы делаете один раз, а память под модель занимает процесс Ollama, а не CyrFlip. Выделение длиннее 4000 знаков переводится до этой границы, и окно об этом сообщает.

Каждую горячую клавишу можно включать и выключать независимо, можно уступать их активному клиенту удалённого рабочего стола, чтобы их обрабатывала копия CyrFlip внутри удалённого сеанса, а два переключателя не дают Windows заснуть или погасить экран, пока вы работаете.

Интерфейс доступен на 13 языках, включая языки с письмом справа налево. Работает в системном трее, потребляет мало памяти и не требует ничего доустанавливать на Windows 10/11.

Конфиденциальность: CyrFlip использует перехват клавиатуры и буфер обмена только для функций, которые запускаете вы. Не ведёт журнал нажатий и не открывает ни одного сетевого соединения, пока вы не включите перевод, — а тот обращается только к серверу Ollama, который вы указали, по умолчанию к вашему же компьютеру. Открытый исходный код: https://github.com/SerZhyAle/CyrFlip","‏CyrFlip تطبيق صغير يعمل في علبة نظام ويندوز، يعرض تخطيط لوحة المفاتيح النشط في المكان الذي تكتب فيه تمامًا، ويحوّل النص بين التخطيطات بضغطة مفتاح واحدة.

ميزته الأبرز مؤشر حي للتخطيط مثبَّت بجوار مؤشر الكتابة الوامض، لتعرف دائمًا بأي تخطيط ستكتب الحرف التالي - حتى في المتصفحات وفي مربع محادثة ‏VS Code، حيث لا تصل معظم المؤشرات. العلامة نفسها يمكن أن تحل محل مؤشر الفأرة على شكل حرف I، وتظهر كذلك على أيقونة علبة النظام. لكل لغة من اللغات الثلاث عشرة المختارة لونها الخاص، وأي تخطيط ويندوز آخر يحصل أيضًا على رمزه المكوَّن من حرفين، وعند تفعيل مفتاح الأحرف الكبيرة يضاف إطار رفيع حول العلامة.

حدِّد نصًا كُتب بتخطيط خاطئ واضغط الاختصار: يحوّله ‏CyrFlip في مكانه بين ‏QWERTY و‏ЙЦУКЕН، في الاتجاهين، وحتى في النص المختلط. واختصار آخر قابل للتخصيص يصحّح بالطريقة نفسها مفتاح الأحرف الكبيرة الذي بقي مفعَّلًا سهوًا.

تحتاج لغات أخرى؟ أنشئ جدولًا لتحويلات التخطيط: أي عدد تريده من الأزواج ""من تخطيط إلى تخطيط""، لكل زوج اختصاره العام. يجري التحويل حسب الموضع الفعلي للمفاتيح، لذا تُعالَج تخطيطات ‏AZERTY و‏QWERTZ معالجة صحيحة، وكل زوج يعمل في الاتجاهين - اضغط التركيبة نفسها مرة أخرى بينما التخطيط الآخر من الزوج نشط فيعود النص كما كان.

كما تحل نافذة الإعدادات محل لوحة اللغات في ويندوز: ثبِّت تخطيطات لوحة المفاتيح وأعد ترتيبها واحذفها (لا يجري تنزيل أي شيء - فهي تأتي مع ويندوز)، واختر اختصار التنقل بين اللغات، وعيِّن اختصارات مباشرة لكل لغة يتولاها ويندوز بنفسه، فتظل تعمل حتى عند إغلاق ‏CyrFlip. ويحتفظ القسمان بنسخة احتياطية لمرة واحدة من حالتك السابقة.

سجل الحافظة اختياري ومعطَّل افتراضيًا. وعند تفعيله يحفظ النص اليونيكودي الأخير محليًا، ويمكن البحث فيه من نافذته الخاصة؛ ويمكن تثبيت العناصر أو حذفها أو إيقاف التسجيل مؤقتًا أو مسح السجل، وكل ذلك محميّ بتشفير ‏DPAPI في ويندوز لمستخدم ويندوز الحالي.

التشغيل السريع وحدة اختيارية ثانية، معطَّلة هي الأخرى حتى تفعّلها. تحوّل برامجك ونصوصك البرمجية وتنزيلات ‏yt-dlp إلى سيناريوهات تشغّلها من قائمة علبة النظام الفرعية، أو من اختصار عام خاص بها، أو من قائمة الانتقال في شريط المهام - وحتى عندما لا يكون ‏CyrFlip قيد التشغيل، إن ثبَّته في الشريط. وهذه الوحدة تستوعب أداة ‏OneClickRunner المستقلة، ويمكن استيراد سيناريوهاتها عند أول تشغيل دون المساس بالملفات الأصلية.

المترجم المدمج اختياري كذلك، ويظل معطَّلًا حتى تفعّله. حدِّد نصًا في أي مكان في ويندوز، اضغط اختصاره، فتظهر الترجمة في نافذة صغيرة بجوار مؤشر الفأرة، وتمتلئ تدريجيًا بينما يكتب النموذج. يعمل عبر ‏Ollama، وهو برنامج مجاني تثبّته مرة واحدة على حاسوبك: لا يضمّه ‏CyrFlip، وليس له حساب ولا مفتاح، وهو افتراضيًا لا يتصل إلا بالعنوان ‏http://localhost:11434 - أي جهازك أنت - فلا يُرسَل أي نص إلى المطوِّر ولا إلى أي خدمة سحابية. واتجاهات الترجمة جدول مفتوح مثل تحويلات التخطيط: كل سطر لغة هدف باختصار عام خاص به، ويمكن للسطر أيضًا أن يتبع لغة الواجهة أو لغة التخطيط النشط في النافذة التي تترجم منها. ويمكن نسخ النتيجة إلى الحافظة، حيث يسجّلها السجل الاختياري مثل أي نسخة أخرى، أو لصقها مباشرة مكان النص المحدد - وكلا الخيارين معطَّل افتراضيًا. ويفتح تبويب ""الترجمة"" صفحة تنزيل ‏Ollama، ويشغّل الخادم، ويتحقق من الاتصال، وينزّل نموذجًا: ‏qwen2.5:3b (نحو 2 غيغابايت) هو الافتراضي، و‏gemma2:2b (نحو 1.6 غيغابايت) يناسب الأجهزة الأضعف، و‏aya-expanse:8b (نحو 5 غيغابايت) يترجم أفضل بوضوح مع 8 غيغابايت من الذاكرة أو أكثر. ولنكن صريحين: الجودة هي جودة النموذج المحلي، وأول ترجمة بعد بدء بارد تستغرق وقتًا لأن النموذج يُحمَّل، و‏Ollama مع نموذج تنزيل لمرة واحدة بحجم عدة غيغابايتات، والذاكرة التي يستهلكها النموذج تعود لعملية ‏Ollama لا لـ‏CyrFlip. أما التحديدات التي تتجاوز 4000 حرف فتُترجَم حتى ذلك الحد، والنافذة تنبّه إلى ذلك.

يمكن تفعيل كل اختصار أو تعطيله على حدة، ويستطيع ‏CyrFlip التنازل عنها لعميل سطح المكتب البعيد عندما يكون في المقدمة لتتولاها النسخة العاملة داخل الجلسة البعيدة، ويمنع مفتاحان ويندوز من الدخول في وضع السكون أو إطفاء الشاشة أثناء عملك.

الواجهة متاحة بثلاث عشرة لغة، بما فيها اللغات التي تُكتب من اليمين إلى اليسار. يعمل التطبيق في علبة النظام، ويستهلك ذاكرة قليلة، ولا يحتاج إلى تثبيت أي شيء إضافي على ويندوز 10/11.

الخصوصية: لا يستخدم ‏CyrFlip خطّاف لوحة المفاتيح والحافظة إلا لمعرفة التخطيط النشط وتنفيذ الإجراءات التي تبدأها أنت. وهو لا يسجّل ضغطات المفاتيح، ولا يفتح أي اتصال بالشبكة ما لم تفعّل المترجم، الذي لا يتصل إلا بخادم ‏Ollama الذي تحدده أنت - وهو حاسوبك افتراضيًا. مفتوح المصدر: https://github.com/SerZhyAle/CyrFlip","CyrFlip হলো উইন্ডোজ ট্রে-তে চলা ছোট্ট একটি অ্যাপ, যা আপনি যেখানে টাইপ করছেন ঠিক সেখানেই সক্রিয় কীবোর্ড লেআউট দেখায় এবং এক কী চেপে লেখাকে এক লেআউট থেকে আরেকটিতে বদলে দেয়।

এর প্রধান বৈশিষ্ট্য হলো ঝিকমিক করা টেক্সট কার্সরের পাশে বসানো সরাসরি লেআউট নির্দেশক, যাতে আপনি সবসময় জানেন পরের অক্ষরটি কোন লেআউটে উঠবে - ব্রাউজারে এবং VS Code-এর চ্যাট বাক্সেও, যেখানে বেশিরভাগ নির্দেশক পৌঁছাতেই পারে না। একই চিহ্ন মাউসের I-আকৃতির পয়েন্টারের জায়গাও নিতে পারে এবং ট্রে আইকনেও দেখা যায়। বাছাই করা ১৩টি ভাষার প্রত্যেকটির নিজস্ব রং আছে, অন্য যেকোনো উইন্ডোজ লেআউটও নিজের দুই-অক্ষরের কোড পায়, আর CapsLock চালু থাকলে চিহ্নের চারপাশে একটি সরু রেখা যুক্ত হয়।

ভুল লেআউটে টাইপ করা লেখা নির্বাচন করে শর্টকাট চাপুন: CyrFlip সেটিকে জায়গামতোই QWERTY ও ЙЦУКЕН-এর মধ্যে লিপ্যন্তর করে দেয় - দুই দিকেই, এমনকি মেশানো লেখাতেও। আলাদা একটি পছন্দমতো শর্টকাট একইভাবে ভুলে চালু রাখা CapsLock ঠিক করে দেয়।

আরও ভাষা দরকার? লেআউট রূপান্তরের একটি তালিকা বানান: ""এই লেআউট থেকে ওই লেআউট"" যত জোড়া চান, প্রত্যেকটির নিজস্ব গ্লোবাল শর্টকাট সহ। লেখা বদলায় কী-গুলোর ভৌত অবস্থান অনুযায়ী, তাই AZERTY ও QWERTZ লেআউটও ঠিকঠাক সামলানো হয়, আর প্রতিটি জোড়া দুই দিকেই কাজ করে - জোড়ার অন্য লেআউটটি সক্রিয় থাকা অবস্থায় একই সংমিশ্রণ আবার চাপলে লেখা আগের রূপে ফিরে যায়।

সেটিংস উইন্ডো উইন্ডোজের ভাষা প্যানেলের জায়গাও নেয়: কীবোর্ড লেআউট ইনস্টল করুন, ক্রম বদলান ও সরান (কিছুই ডাউনলোড হয় না - এগুলো উইন্ডোজের সঙ্গেই আসে), ভাষা ঘুরিয়ে দেখার শর্টকাট বেছে নিন, আর প্রতিটি ভাষার জন্য সরাসরি শর্টকাট দিন যেগুলো উইন্ডোজ নিজেই সামলায়, ফলে CyrFlip বন্ধ থাকলেও সেগুলো কাজ করতে থাকে। দুটি অংশই আপনার আগের অবস্থার এককালীন ব্যাকআপ রাখে।

ক্লিপবোর্ড ইতিহাস ঐচ্ছিক এবং ডিফল্টভাবে বন্ধ। চালু করলে এটি সাম্প্রতিক ইউনিকোড লেখা স্থানীয়ভাবে রাখে, যা নিজস্ব উইন্ডোতে খোঁজা যায়; ভুক্তিগুলো পিন করা, মুছে ফেলা, থামানো বা পরিষ্কার করা যায়, আর পুরোটাই বর্তমান উইন্ডোজ ব্যবহারকারীর জন্য উইন্ডোজ DPAPI এনক্রিপশনে সুরক্ষিত থাকে।

দ্রুত চালু (Quick launch) দ্বিতীয় ঐচ্ছিক মডিউল, এটিও আপনি চালু না করা পর্যন্ত বন্ধ থাকে। এটি আপনার প্রোগ্রাম, স্ক্রিপ্ট ও yt-dlp ডাউনলোডকে এমন দৃশ্যকল্পে বদলে দেয় যেগুলো আপনি ট্রে সাবমেনু থেকে, নিজস্ব গ্লোবাল শর্টকাট থেকে, কিংবা টাস্কবারের জাম্প লিস্ট থেকে চালাতে পারেন - পিন করা থাকলে CyrFlip চালু না থাকলেও। এই মডিউল স্বতন্ত্র OneClickRunner টুলটিকে নিজের মধ্যে নিয়ে নেয়, আর তার দৃশ্যকল্পগুলো প্রথমবার চালানোর সময় মূল ফাইল না ছুঁয়েই আমদানি করা যায়।

অন্তর্নির্মিত অনুবাদকও ঐচ্ছিক এবং চালু না করা পর্যন্ত বন্ধ। উইন্ডোজের যেকোনো জায়গায় লেখা নির্বাচন করুন, তার শর্টকাট চাপুন, আর অনুবাদ মাউস পয়েন্টারের পাশে ছোট্ট একটি উইন্ডোতে ফুটে ওঠে, মডেল যত লেখে ততই ভরে ওঠে। এটি চলে Ollama-র উপর - একটি বিনামূল্যের প্রোগ্রাম যা আপনি নিজের কম্পিউটারে একবারই ইনস্টল করেন: CyrFlip সেটি সঙ্গে দেয় না, তার কোনো অ্যাকাউন্ট বা কী নেই, এবং ডিফল্টভাবে সে কেবল http://localhost:11434-এর সঙ্গেই কথা বলে - অর্থাৎ আপনার নিজের মেশিনের সঙ্গে - তাই কোনো লেখা ডেভেলপারের কাছে বা কোনো ক্লাউড সেবার কাছে যায় না। অনুবাদের দিকগুলোও লেআউট রূপান্তরের মতোই একটি খোলা তালিকা: প্রতিটি সারি একটি লক্ষ্য ভাষা, সঙ্গে নিজস্ব গ্লোবাল শর্টকাট, আর কোনো সারি ইন্টারফেসের ভাষা বা যে উইন্ডো থেকে অনুবাদ করছেন সেখানকার সক্রিয় লেআউটের ভাষাও অনুসরণ করতে পারে। ফলাফল ক্লিপবোর্ডে রাখা যায়, যেখানে ঐচ্ছিক ইতিহাস সেটিকে অন্য যেকোনো কপির মতোই লিখে রাখে, কিংবা সরাসরি নির্বাচিত লেখার উপর সাঁটা যায় - দুটিই ডিফল্টভাবে বন্ধ। ""অনুবাদ"" ট্যাব Ollama-র ডাউনলোড পাতা খোলে, সার্ভার চালু করে, সংযোগ যাচাই করে আর মডেল নামায়: qwen2.5:3b (~২ GB) ডিফল্ট, gemma2:2b (~১.৬ GB) দুর্বল মেশিনের জন্য উপযুক্ত, আর aya-expanse:8b (~৫ GB) ৮ GB বা তার বেশি RAM-এ লক্ষণীয়ভাবে ভালো অনুবাদ করে। খোলাখুলি বলি: মান স্থানীয় মডেলের মানেরই সমান, ঠান্ডা শুরুর পর প্রথম অনুবাদে মডেল লোড হতে সময় লাগে, Ollama ও একটি মডেল মিলিয়ে কয়েক গিগাবাইটের এককালীন ডাউনলোড, আর মডেল যে মেমরি নেয় তা Ollama প্রক্রিয়ার, CyrFlip-এর নয়। ৪০০০ অক্ষরের বেশি নির্বাচন ওই পর্যন্তই অনুবাদ হয়, আর উইন্ডো তা জানিয়ে দেয়।

প্রতিটি শর্টকাট আলাদাভাবে চালু বা বন্ধ করা যায়, সামনে থাকা রিমোট ডেস্কটপ ক্লায়েন্টকে CyrFlip শর্টকাট ছেড়ে দিতে পারে যাতে রিমোট সেশনে চলা কপিটি সেগুলো সামলায়, আর দুটি সুইচ কাজের সময় উইন্ডোজকে ঘুমাতে বা পর্দা নেভাতে দেয় না।

ইন্টারফেস ১৩টি ভাষায় পাওয়া যায়, ডান-থেকে-বাম লেখা ভাষাগুলোসহ। এটি সিস্টেম ট্রে-তে চলে, খুব কম মেমরি নেয়, আর উইন্ডোজ ১০/১১-এ বাড়তি কিছু ইনস্টল করার দরকার হয় না।

গোপনীয়তা: CyrFlip কীবোর্ড হুক ও ক্লিপবোর্ড ব্যবহার করে কেবল সক্রিয় লেআউট শনাক্ত করতে এবং আপনার শুরু করা কাজগুলো করতে। এটি কী-চাপ লিখে রাখে না, আর আপনি অনুবাদক চালু না করা পর্যন্ত কোনো নেটওয়ার্ক সংযোগ খোলে না; অনুবাদকও কেবল আপনার দেখানো Ollama সার্ভারের সঙ্গেই কথা বলে - ডিফল্টভাবে আপনার নিজের কম্পিউটার। ওপেন সোর্স: https://github.com/SerZhyAle/CyrFlip","CyrFlip 是一款小巧的 Windows 托盘应用：它在你打字的地方直接显示当前键盘布局，并能一键在不同布局之间转换文本。

它的核心功能是紧贴闪烁文字光标的实时布局标记，让你随时知道接下来会用哪种布局输入 —— 即使在浏览器和 VS Code 的聊天框里也一样，而大多数指示器都到不了那里。同一个标记还可以替换鼠标的工字形光标，并显示在托盘图标上。13 种精选语言各有自己的颜色，其他任何 Windows 布局也会得到属于自己的两字母代码，开启大写锁定时标记周围会加上一圈细边框。

选中用错布局打出的文字，按下快捷键：CyrFlip 会就地在 QWERTY 与 ЙЦУКЕН 之间转写，双向都可以，混排文本同样有效。另一个可自定义的快捷键用同样的方式修正不小心开着的大写锁定。

需要其他语言？建一张布局转换表：想要多少组“从这个布局到那个布局”都行，每组都有自己的全局快捷键。文本按物理按键位置转换，因此 AZERTY 和 QWERTZ 布局都能正确处理，而且每一组都是双向的 —— 当该组的另一种布局处于活动状态时再按同一组合键，文本就会转换回去。

设置窗口还替代了 Windows 的语言面板：安装、重新排序和移除键盘布局（不会下载任何东西 —— 它们本就随 Windows 提供），选择循环切换语言的快捷键，并指定由 Windows 自身处理的按语言直达快捷键，因此即使 CyrFlip 已关闭它们仍然有效。这两部分都会为你此前的状态保留一份一次性备份。

剪贴板历史是可选的，默认关闭。启用后，它会把最近的 Unicode 文本保存在本地，可在独立窗口中搜索；条目可以置顶、删除、暂停或清空，并以 Windows DPAPI 加密保护当前 Windows 用户的数据。

快速启动是第二个可选模块，同样在你启用之前保持关闭。它把你的程序、脚本和 yt-dlp 下载变成一个个场景，你可以从托盘子菜单、从各自的全局快捷键，或者从任务栏跳转列表启动 —— 只要固定到任务栏，即使 CyrFlip 没有运行也能启动。本模块吸收了独立工具 OneClickRunner，其中的场景可在首次运行时导入，且不会改动原文件。

内置翻译器同样是可选的，在你启用之前保持关闭。在 Windows 的任何地方选中文本，按下它的快捷键，翻译就会出现在鼠标指针旁的小窗口里，随着模型书写逐字填充。它运行在 Ollama 上 —— 一个你在自己电脑上安装一次的免费程序：CyrFlip 不捆绑它，没有账号也没有密钥，默认只与 http://localhost:11434 通信，也就是你自己的机器，因此不会有任何文本发送给开发者或任何云服务。翻译方向和布局转换一样是一张开放的表：每一行是一个目标语言加上自己的全局快捷键，而且一行还可以跟随界面语言，或跟随你翻译时所在窗口的活动布局的语言。结果可以放入剪贴板，可选的历史会像记录任何一次复制那样记下它，也可以直接粘贴覆盖所选内容 —— 两者默认都关闭。“翻译”选项卡可以打开 Ollama 下载页、启动服务、检查连接并下载模型：qwen2.5:3b（约 2 GB）是默认模型，gemma2:2b（约 1.6 GB）适合配置较弱的机器，aya-expanse:8b（约 5 GB）在 8 GB 及以上内存下翻译质量明显更好。也要说清楚：质量取决于本地模型；冷启动后的第一次翻译需要等待模型加载；Ollama 和模型是一次性的数 GB 下载；模型占用的内存属于 Ollama 进程，而不是 CyrFlip。超过 4000 个字符的选区只翻译到该处为止，窗口会给出提示。

每个快捷键都能单独开关；当远程桌面客户端位于前台时，CyrFlip 可以把快捷键让给它，改由远程会话中运行的那一份来处理；另有两个防休眠开关，让 Windows 在你工作时不睡眠、不熄屏。

界面提供 13 种语言，包含从右向左书写的语言。它常驻系统托盘，占用内存很少，在 Windows 10/11 上无需额外安装任何东西。

隐私：CyrFlip 使用键盘钩子和剪贴板，仅用于识别当前布局和执行你触发的操作。它不记录按键，除非你启用翻译器，否则不会打开任何网络连接；而翻译器只与你指定的 Ollama 服务器通信 —— 默认就是你自己的电脑。开源：https://github.com/SerZhyAle/CyrFlip","CyrFlip est une petite application de la zone de notification Windows qui affiche la disposition de clavier active là où vous écrivez et convertit le texte d'une disposition à l'autre d'une seule touche.

Sa fonction phare est un indicateur de disposition en direct, épinglé à côté du curseur de texte clignotant, pour que vous sachiez toujours dans quelle disposition vous allez taper - même dans les navigateurs et dans la zone de discussion de VS Code, où la plupart des indicateurs n'arrivent pas. Le même repère peut aussi remplacer le pointeur en I de la souris et s'affiche sur l'icône de la zone de notification. Chacune des 13 langues retenues a sa propre couleur, toute autre disposition Windows reçoit malgré tout son code de deux lettres, et le verrouillage majuscules ajoute un fin cadre autour du repère.

Sélectionnez le texte saisi dans la mauvaise disposition et appuyez sur le raccourci : CyrFlip le translittère sur place entre QWERTY et ЙЦУКЕН, dans les deux sens et même pour du texte mélangé. Un raccourci distinct et configurable corrige de la même façon un verrouillage majuscules resté actif.

Besoin d'autres langues ? Constituez une table de conversions de disposition : autant de paires « d'une disposition vers une autre » que vous voulez, chacune avec son raccourci global. Le texte est converti d'après la position physique des touches, si bien que les dispositions AZERTY et QWERTZ sont traitées correctement, et chaque paire fonctionne dans les deux sens - appuyez de nouveau sur la même combinaison alors que l'autre disposition de la paire est active et le texte revient en arrière.

Une fenêtre de réglages remplace également le panneau des langues de Windows : installez, réordonnez et supprimez des dispositions de clavier (rien n'est téléchargé - elles sont livrées avec Windows), choisissez le raccourci qui fait défiler les langues et attribuez des raccourcis directs par langue que Windows gère lui-même, de sorte qu'ils continuent de fonctionner même CyrFlip fermé. Les deux sections conservent une sauvegarde unique de votre état précédent.

L'historique du presse-papiers est facultatif et désactivé par défaut. Une fois activé, il conserve localement le texte Unicode récent, consultable dans sa propre fenêtre ; les entrées peuvent être épinglées, supprimées, mises en pause ou effacées, et le tout est protégé par le chiffrement DPAPI de Windows pour l'utilisateur courant.

Le lancement rapide est un deuxième module facultatif, lui aussi éteint tant que vous ne l'activez pas. Il transforme vos programmes, scripts et téléchargements yt-dlp en scénarios que vous lancez depuis le sous-menu de la zone de notification, depuis un raccourci global qui leur est propre ou depuis la liste de raccourcis de la barre des tâches - même lorsque CyrFlip n'est pas en cours d'exécution, si vous l'épinglez. Les scénarios de l'outil autonome OneClickRunner, que ce module absorbe, peuvent être importés au premier démarrage sans toucher aux originaux.

Le traducteur intégré est facultatif lui aussi et reste éteint tant que vous ne l'activez pas. Sélectionnez du texte n'importe où dans Windows, appuyez sur son raccourci, et la traduction apparaît dans une petite fenêtre près du pointeur de la souris, en se remplissant au fil de l'écriture du modèle. Il fonctionne avec Ollama, un programme gratuit que vous installez une fois sur votre propre ordinateur : CyrFlip ne l'embarque pas, n'a ni compte ni clé et, par défaut, ne parle qu'à http://localhost:11434 - votre propre machine - aucun texte n'est donc envoyé au développeur ni à un service en nuage. Les directions forment une table ouverte, comme les conversions de disposition : chaque ligne est une langue cible avec son raccourci global, et une ligne peut aussi suivre la langue de l'interface ou celle de la disposition active dans la fenêtre d'où vous traduisez. Le résultat peut être copié dans le presse-papiers, où l'historique facultatif l'enregistre comme n'importe quelle autre copie, ou collé directement à la place de la sélection - les deux options sont désactivées par défaut. L'onglet « Traduction » ouvre la page de téléchargement d'Ollama, démarre le serveur, vérifie la connexion et télécharge un modèle : qwen2.5:3b (~2 Go) est celui par défaut, gemma2:2b (~1,6 Go) convient aux machines modestes, et aya-expanse:8b (~5 Go) traduit nettement mieux à partir de 8 Go de RAM. Soyons honnêtes : la qualité est celle du modèle local, la première traduction après un démarrage à froid prend du temps car le modèle se charge, Ollama et un modèle représentent un téléchargement de plusieurs gigaoctets à faire une fois, et la mémoire utilisée par le modèle appartient au processus Ollama, pas à CyrFlip. Les sélections de plus de 4000 caractères sont traduites jusqu'à cette limite, et la fenêtre le signale.

Chaque raccourci s'active ou se désactive séparément, CyrFlip peut les céder à un client Bureau à distance au premier plan pour que la copie exécutée dans la session distante s'en charge, et deux interrupteurs empêchent Windows de se mettre en veille ou d'éteindre l'écran pendant que vous travaillez.

L'interface est disponible en 13 langues, y compris celles qui s'écrivent de droite à gauche. Elle tourne dans la zone de notification, consomme peu de mémoire et ne demande rien de plus à installer sous Windows 10/11.

Confidentialité : CyrFlip n'utilise le hook clavier et le presse-papiers que pour détecter la disposition active et exécuter les actions que vous déclenchez. Il n'enregistre pas les frappes et n'ouvre aucune connexion réseau tant que vous n'activez pas le traducteur, qui ne parle qu'au serveur Ollama que vous lui indiquez - votre propre ordinateur par défaut. Code ouvert : https://github.com/SerZhyAle/CyrFlip","CyrFlip ist eine winzige Windows-Infobereich-App, die Ihr aktives Tastaturlayout genau dort anzeigt, wo Sie schreiben, und Text mit einer einzigen Taste zwischen Layouts umwandelt.

Das Hauptmerkmal ist eine Live-Layoutanzeige direkt neben der blinkenden Schreibmarke, damit Sie immer wissen, in welchem Layout Sie gleich tippen - selbst in Browsern und im Chatfeld von VS Code, wohin die meisten Anzeigen nicht reichen. Dieselbe Markierung kann auch den Textcursor der Maus ersetzen und erscheint im Infobereichssymbol. Jede der 13 kuratierten Sprachen hat ihre eigene Farbe, jedes andere Windows-Layout erhält weiterhin sein eigenes Zweibuchstaben-Kürzel, und die Feststelltaste fügt einen dünnen Rahmen um die Markierung hinzu.

Markieren Sie im falschen Layout getippten Text und drücken Sie das Tastenkürzel: CyrFlip transliteriert ihn an Ort und Stelle zwischen QWERTY und ЙЦУКЕН, in beide Richtungen und sogar bei gemischtem Text. Ein separates, frei wählbares Tastenkürzel korrigiert eine versehentlich aktivierte Feststelltaste auf dieselbe Weise.

Sie brauchen weitere Sprachen? Legen Sie eine Tabelle von Layout-Umwandlungen an: beliebig viele Paare ""von Layout zu Layout"", jedes mit einem eigenen globalen Tastenkürzel. Der Text wird nach der physischen Tastenposition umgewandelt, sodass AZERTY- und QWERTZ-Layouts korrekt behandelt werden, und jedes Paar funktioniert in beide Richtungen - drücken Sie dasselbe Kürzel erneut, während das andere Layout des Paares aktiv ist, und der Text wird zurückverwandelt.

Ein Einstellungsfenster ersetzt außerdem die Windows-Sprachverwaltung: Tastaturlayouts installieren, umsortieren und entfernen (nichts wird heruntergeladen - sie sind Teil von Windows), das Kürzel für den Sprachwechsel wählen und direkte Kürzel pro Sprache zuweisen, die Windows selbst verarbeitet, sodass sie auch bei geschlossenem CyrFlip weiter funktionieren. Beide Bereiche legen eine einmalige Sicherung Ihres vorherigen Zustands an.

Der optionale Zwischenablageverlauf ist standardmäßig deaktiviert. Aktiviert bewahrt er zuletzt kopierten Unicode-Text lokal auf, durchsuchbar in einem eigenen Fenster; Einträge lassen sich anheften, löschen, pausieren oder leeren, und alles ist mit der Windows-DPAPI-Verschlüsselung für den aktuellen Windows-Benutzer geschützt.

Der Schnellstart ist ein zweites optionales Modul, ebenfalls aus, bis Sie es einschalten. Er macht aus Ihren Programmen, Skripten und yt-dlp-Downloads Szenarien, die Sie über das Infobereichsmenü, über ein eigenes globales Tastenkürzel oder über die Sprungliste der Taskleiste starten - bei angehefteter Verknüpfung sogar dann, wenn CyrFlip nicht läuft. Szenarien aus dem eigenständigen Werkzeug OneClickRunner, das dieses Modul aufnimmt, lassen sich beim ersten Start importieren, ohne die Originale anzurühren.

Auch der eingebaute Übersetzer ist optional und aus, bis Sie ihn einschalten. Markieren Sie Text irgendwo in Windows, drücken Sie sein Tastenkürzel, und die Übersetzung erscheint in einem kleinen Fenster neben dem Mauszeiger und füllt sich, während das Modell schreibt. Er läuft auf Ollama, einem kostenlosen Programm, das Sie einmalig auf Ihrem eigenen Rechner installieren: CyrFlip liefert es nicht mit, hat weder Konto noch Schlüssel und spricht standardmäßig nur mit http://localhost:11434 - Ihrem eigenen Rechner - es wird also kein Text an den Entwickler oder an einen Cloud-Dienst gesendet. Die Richtungen sind eine offene Tabelle wie die Layout-Umwandlungen: jede Zeile ist eine Zielsprache mit eigenem globalem Tastenkürzel, und eine Zeile kann auch der Oberflächensprache oder der Sprache des im Ausgangsfenster aktiven Layouts folgen. Das Ergebnis kann in die Zwischenablage gelegt werden, wo der optionale Verlauf es wie jede andere Kopie festhält, oder direkt über die Auswahl eingefügt werden - beides ist standardmäßig aus. Der Reiter ""Übersetzung"" öffnet die Ollama-Downloadseite, startet den Server, prüft die Verbindung und lädt ein Modell herunter: qwen2.5:3b (~2 GB) ist die Voreinstellung, gemma2:2b (~1,6 GB) passt zu schwächeren Rechnern, und aya-expanse:8b (~5 GB) übersetzt ab 8 GB RAM spürbar besser. Ehrlich gesagt: die Qualität ist die des lokalen Modells, die erste Übersetzung nach einem Kaltstart dauert, weil das Modell geladen wird, Ollama und ein Modell sind ein einmaliger Download von mehreren Gigabyte, und der belegte Arbeitsspeicher gehört dem Ollama-Prozess, nicht CyrFlip. Auswahlen über 4000 Zeichen werden bis zu dieser Grenze übersetzt, und das Fenster weist darauf hin.

Jedes Tastenkürzel lässt sich einzeln ein- und ausschalten, CyrFlip kann sie an ein aktives Remotedesktop-Fenster abgeben, damit die Kopie in der Remotesitzung sie verarbeitet, und zwei Wachhalte-Schalter verhindern, dass Windows schläft oder den Bildschirm abschaltet, während Sie arbeiten.

Die Oberfläche ist in 13 Sprachen verfügbar, auch in solchen mit Schreibrichtung von rechts nach links. Sie läuft im Infobereich, braucht wenig Speicher und erfordert unter Windows 10/11 keine zusätzliche Installation.

Datenschutz: CyrFlip nutzt einen Tastaturhook und die Zwischenablage ausschließlich, um das aktive Layout zu erkennen und die von Ihnen ausgelösten Aktionen auszuführen. Es protokolliert keine Tastenanschläge und öffnet keine Netzwerkverbindung, solange Sie den Übersetzer nicht einschalten, der nur mit dem von Ihnen angegebenen Ollama-Server spricht - standardmäßig Ihrem eigenen Rechner. Quelloffen: https://github.com/SerZhyAle/CyrFlip","CyrFlip विंडोज़ ट्रे में चलने वाला एक छोटा-सा ऐप है, जो आपका सक्रिय कीबोर्ड लेआउट ठीक वहीं दिखाता है जहाँ आप टाइप कर रहे हैं, और एक ही कुंजी से टेक्स्ट को एक लेआउट से दूसरे में बदल देता है।

इसकी मुख्य विशेषता है टिमटिमाते टेक्स्ट कर्सर के पास टिका हुआ लाइव लेआउट संकेतक, ताकि आपको हमेशा पता रहे कि अगला अक्षर किस लेआउट में टाइप होगा - ब्राउज़र और VS Code के चैट बॉक्स में भी, जहाँ अधिकतर संकेतक पहुँच ही नहीं पाते। यही चिह्न माउस के I-आकार वाले पॉइंटर की जगह भी ले सकता है और ट्रे आइकन पर भी दिखता है। चुनी गई 13 भाषाओं में से हर एक का अपना रंग है, बाकी किसी भी विंडोज़ लेआउट को भी उसका अपना दो-अक्षरी कोड मिलता है, और CapsLock चालू होने पर चिह्न के चारों ओर एक पतली रेखा जुड़ जाती है।

गलत लेआउट में टाइप किया गया टेक्स्ट चुनें और शॉर्टकट दबाएँ: CyrFlip उसे वहीं का वहीं QWERTY और ЙЦУКЕН के बीच लिप्यंतरित कर देता है - दोनों दिशाओं में, और मिले-जुले टेक्स्ट में भी। एक अलग, आपकी पसंद का शॉर्टकट इसी तरह गलती से चालू रह गए CapsLock को ठीक करता है।

और भाषाएँ चाहिए? लेआउट रूपांतरणों की एक तालिका बना लें: ""इस लेआउट से उस लेआउट तक"" जितने चाहें उतने जोड़े, हर एक के अपने ग्लोबल शॉर्टकट के साथ। टेक्स्ट कुंजियों की भौतिक स्थिति के अनुसार बदला जाता है, इसलिए AZERTY और QWERTZ लेआउट भी सही तरह संभाले जाते हैं, और हर जोड़ा दोनों दिशाओं में काम करता है - जब उस जोड़े का दूसरा लेआउट सक्रिय हो तब वही संयोजन दोबारा दबाएँ और टेक्स्ट वापस बदल जाएगा।

सेटिंग्स विंडो विंडोज़ के भाषा पैनल की जगह भी ले लेती है: कीबोर्ड लेआउट इंस्टॉल करें, क्रम बदलें और हटाएँ (कुछ भी डाउनलोड नहीं होता - ये विंडोज़ के साथ ही आते हैं), भाषाएँ बदलने वाला शॉर्टकट चुनें, और हर भाषा के लिए सीधे शॉर्टकट सौंपें जिन्हें विंडोज़ खुद संभालता है, इसलिए CyrFlip बंद होने पर भी वे चलते रहते हैं। दोनों हिस्से आपकी पिछली स्थिति का एक-बार का बैकअप रखते हैं।

क्लिपबोर्ड इतिहास वैकल्पिक है और डिफ़ॉल्ट रूप से बंद रहता है। चालू करने पर यह हाल का यूनिकोड टेक्स्ट स्थानीय रूप से रखता है, जिसे अपनी अलग विंडो में खोजा जा सकता है; प्रविष्टियाँ पिन, हटाई, रोकी या साफ़ की जा सकती हैं, और सब कुछ मौजूदा विंडोज़ उपयोगकर्ता के लिए विंडोज़ DPAPI एन्क्रिप्शन से सुरक्षित रहता है।

क्विक लॉन्च दूसरा वैकल्पिक मॉड्यूल है, यह भी तब तक बंद है जब तक आप इसे चालू न करें। यह आपके प्रोग्राम, स्क्रिप्ट और yt-dlp डाउनलोड को ऐसे परिदृश्यों में बदल देता है जिन्हें आप ट्रे सबमेन्यू से, उनके अपने ग्लोबल शॉर्टकट से, या टास्कबार की जंप लिस्ट से चला सकते हैं - अगर आपने पिन किया हो तो CyrFlip के न चलने पर भी। यह मॉड्यूल स्वतंत्र OneClickRunner टूल को अपने में समेट लेता है, और उसके परिदृश्य पहली बार चलाने पर आयात किए जा सकते हैं, मूल फ़ाइलों को छुए बिना।

अंतर्निहित अनुवादक भी वैकल्पिक है और तब तक बंद रहता है जब तक आप उसे चालू न करें। विंडोज़ में कहीं भी टेक्स्ट चुनें, उसका शॉर्टकट दबाएँ, और अनुवाद माउस पॉइंटर के पास एक छोटी विंडो में दिखने लगता है, जैसे-जैसे मॉडल लिखता जाता है वैसे-वैसे भरता हुआ। यह Ollama पर चलता है - एक मुफ़्त प्रोग्राम जिसे आप अपने कंप्यूटर पर एक बार इंस्टॉल करते हैं: CyrFlip उसे साथ में नहीं देता, उसका कोई खाता या कुंजी नहीं है, और डिफ़ॉल्ट रूप से वह केवल http://localhost:11434 से बात करता है - यानी आपकी अपनी मशीन से - इसलिए कोई भी टेक्स्ट डेवलपर या किसी क्लाउड सेवा को नहीं भेजा जाता। दिशाएँ भी लेआउट रूपांतरणों की तरह एक खुली तालिका हैं: हर पंक्ति एक लक्ष्य भाषा है अपने ग्लोबल शॉर्टकट के साथ, और कोई पंक्ति इंटरफ़ेस की भाषा या उस विंडो के सक्रिय लेआउट की भाषा का अनुसरण भी कर सकती है जहाँ से आप अनुवाद कर रहे हैं। परिणाम को क्लिपबोर्ड में रखा जा सकता है, जहाँ वैकल्पिक इतिहास उसे किसी भी अन्य कॉपी की तरह दर्ज कर लेता है, या सीधे चुने हुए टेक्स्ट के ऊपर चिपकाया जा सकता है - दोनों डिफ़ॉल्ट रूप से बंद हैं। ""अनुवाद"" टैब Ollama का डाउनलोड पेज खोलता है, सर्वर शुरू करता है, कनेक्शन जाँचता है और मॉडल डाउनलोड करता है: qwen2.5:3b (~2 GB) डिफ़ॉल्ट है, gemma2:2b (~1.6 GB) कमज़ोर मशीनों के लिए ठीक है, और aya-expanse:8b (~5 GB) 8 GB या उससे अधिक RAM पर काफ़ी बेहतर अनुवाद करता है। साफ़ बात: गुणवत्ता स्थानीय मॉडल जितनी ही होगी, ठंडी शुरुआत के बाद पहला अनुवाद मॉडल लोड होने में समय लेता है, Ollama और मॉडल कई गीगाबाइट का एक-बार का डाउनलोड हैं, और मॉडल जो मेमोरी लेता है वह Ollama प्रक्रिया की है, CyrFlip की नहीं। 4000 अक्षरों से बड़े चयन वहीं तक अनुवादित होते हैं, और विंडो यह बता देती है।

हर शॉर्टकट अलग-अलग चालू या बंद किया जा सकता है, सामने चल रहे रिमोट डेस्कटॉप क्लाइंट को CyrFlip शॉर्टकट सौंप सकता है ताकि उन्हें रिमोट सत्र में चल रही प्रति संभाले, और दो स्विच विंडोज़ को काम के दौरान सोने या स्क्रीन बंद करने से रोकते हैं।

इंटरफ़ेस 13 भाषाओं में उपलब्ध है, दाएँ से बाएँ लिखी जाने वाली भाषाओं सहित। यह सिस्टम ट्रे में चलता है, बहुत कम मेमोरी लेता है, और विंडोज़ 10/11 पर इसे किसी अतिरिक्त इंस्टॉलेशन की ज़रूरत नहीं।

गोपनीयता: CyrFlip कीबोर्ड हुक और क्लिपबोर्ड का उपयोग केवल सक्रिय लेआउट पहचानने और आपके शुरू किए गए काम करने के लिए करता है। यह कीस्ट्रोक दर्ज नहीं करता, और जब तक आप अनुवादक चालू न करें तब तक कोई नेटवर्क कनेक्शन नहीं खोलता; अनुवादक भी केवल उसी Ollama सर्वर से बात करता है जो आप बताएँ - डिफ़ॉल्ट रूप से आपका अपना कंप्यूटर। ओपन सोर्स: https://github.com/SerZhyAle/CyrFlip","CyrFlip è una piccola applicazione per l'area di notifica di Windows che mostra il layout di tastiera attivo proprio dove stai scrivendo e converte il testo tra i layout con un solo tasto.

La funzione principale è un indicatore di layout in tempo reale fissato accanto al cursore di testo lampeggiante, così sai sempre in quale layout stai per digitare - anche nei browser e nella casella di chat di VS Code, dove la maggior parte degli indicatori non arriva. Lo stesso contrassegno può sostituire anche il puntatore a barra del mouse e compare sull'icona nell'area di notifica. Ognuna delle 13 lingue selezionate ha il proprio colore, qualunque altro layout di Windows riceve comunque il suo codice di due lettere, e il BLOC MAIUSC aggiunge una sottile cornice attorno al contrassegno.

Seleziona il testo digitato nel layout sbagliato e premi la scorciatoia: CyrFlip lo traslittera sul posto tra QWERTY e ЙЦУКЕН, in entrambe le direzioni e persino per il testo misto. Una scorciatoia separata e configurabile corregge allo stesso modo un BLOC MAIUSC lasciato inserito per sbaglio.

Servono altre lingue? Costruisci una tabella di conversioni di layout: quante coppie ""da un layout a un altro"" vuoi, ciascuna con la propria scorciatoia globale. Il testo viene convertito in base alla posizione fisica dei tasti, quindi i layout AZERTY e QWERTZ sono gestiti correttamente, e ogni coppia funziona in entrambe le direzioni - premi di nuovo la stessa combinazione mentre è attivo l'altro layout della coppia e il testo torna indietro.

Una finestra delle impostazioni sostituisce anche il pannello delle lingue di Windows: installa, riordina e rimuovi i layout di tastiera (non si scarica nulla - sono già inclusi in Windows), scegli la scorciatoia per scorrere le lingue e assegna scorciatoie dirette per singola lingua gestite da Windows stesso, così continuano a funzionare anche a CyrFlip chiuso. Entrambe le sezioni conservano un backup una tantum dello stato precedente.

La cronologia degli appunti è opzionale e disattivata per impostazione predefinita. Se attivata, conserva localmente il testo Unicode recente, consultabile in una finestra dedicata; le voci si possono fissare, eliminare, mettere in pausa o cancellare, ed è protetta con la cifratura DPAPI di Windows per l'utente corrente.

L'avvio rapido è un secondo modulo opzionale, anch'esso spento finché non lo attivi. Trasforma programmi, script e download yt-dlp in scenari che puoi avviare dal sottomenu nell'area di notifica, da una scorciatoia globale dedicata o dalla Jump List della barra delle applicazioni - persino mentre CyrFlip non è in esecuzione, se lo aggiungi alla barra. Gli scenari dello strumento autonomo OneClickRunner, che questo modulo assorbe, si possono importare al primo avvio senza toccare gli originali.

Anche il traduttore integrato è opzionale e spento finché non lo attivi. Seleziona il testo ovunque in Windows, premi la sua scorciatoia e la traduzione appare in una finestrella accanto al puntatore del mouse, riempiendosi man mano che il modello scrive. Funziona con Ollama, un programma gratuito che installi una volta sola sul tuo computer: CyrFlip non lo include, non ha account né chiavi e per impostazione predefinita parla solo con http://localhost:11434 - il tuo computer - quindi nessun testo viene inviato allo sviluppatore o a un servizio cloud. Le direzioni sono una tabella aperta, come le conversioni di layout: ogni riga è una lingua di destinazione con la propria scorciatoia globale, e una riga può anche seguire la lingua dell'interfaccia o quella del layout attivo nella finestra da cui traduci. Il risultato può essere copiato negli appunti, dove la cronologia opzionale lo registra come qualsiasi altra copia, oppure incollato direttamente al posto della selezione - entrambe le opzioni sono disattivate per impostazione predefinita. La scheda ""Traduzione"" apre la pagina di download di Ollama, avvia il server, verifica la connessione e scarica un modello: qwen2.5:3b (~2 GB) è quello predefinito, gemma2:2b (~1,6 GB) va bene su macchine meno potenti e aya-expanse:8b (~5 GB) traduce nettamente meglio con 8 GB di RAM o più. Un avviso onesto: la qualità è quella del modello locale, la prima traduzione dopo un avvio a freddo richiede tempo perché il modello viene caricato, Ollama e un modello sono un download di più gigabyte da fare una volta sola, e la memoria usata dal modello appartiene al processo Ollama, non a CyrFlip. Le selezioni oltre 4000 caratteri vengono tradotte fino a quel punto, e la finestra lo segnala.

Ogni scorciatoia si può attivare o disattivare singolarmente, CyrFlip può cederle a un client Desktop remoto in primo piano perché le gestisca la copia in esecuzione nella sessione remota, e due interruttori impediscono a Windows di sospendersi o di spegnere lo schermo mentre lavori.

L'interfaccia è disponibile in 13 lingue, comprese quelle che si scrivono da destra a sinistra. Gira nell'area di notifica, usa poca memoria e non richiede nulla di aggiuntivo su Windows 10/11.

Privacy: CyrFlip usa un hook della tastiera e gli appunti solo per rilevare il layout attivo ed eseguire le azioni che avvii tu. Non registra i tasti premuti e non apre alcuna connessione di rete a meno che tu non attivi il traduttore, che parla solo con il server Ollama che indichi - il tuo computer per impostazione predefinita. Codice aperto: https://github.com/SerZhyAle/CyrFlip","O CyrFlip é um pequeno aplicativo da área de notificação do Windows que mostra o layout de teclado ativo bem onde você digita e converte o texto entre layouts com uma única tecla.

Seu recurso principal é um indicador de layout ao vivo fixado ao lado do cursor de texto piscante, para você sempre saber em que layout está prestes a digitar - até nos navegadores e na caixa de chat do VS Code, aonde a maioria dos indicadores não chega. A mesma marca também pode substituir o ponteiro de texto do mouse e aparece no ícone da área de notificação. Cada um dos 13 idiomas selecionados tem sua própria cor, qualquer outro layout do Windows ainda recebe seu código de duas letras, e o Caps Lock acrescenta uma moldura fina em volta da marca.

Selecione o texto digitado no layout errado e pressione o atalho: o CyrFlip translitera no lugar entre QWERTY e ЙЦУКЕН, nos dois sentidos e mesmo em texto misturado. Um atalho separado e configurável corrige da mesma forma um Caps Lock deixado ligado sem querer.

Precisa de outros idiomas? Monte uma tabela de conversões de layout: quantos pares ""de um layout para outro"" você quiser, cada um com seu próprio atalho global. O texto é convertido pela posição física das teclas, então os layouts AZERTY e QWERTZ são tratados corretamente, e cada par funciona nos dois sentidos - pressione a mesma combinação de novo enquanto o outro layout do par estiver ativo e o texto volta ao original.

Uma janela de configurações também substitui o painel de idiomas do Windows: instale, reordene e remova layouts de teclado (nada é baixado - eles já vêm com o Windows), escolha o atalho que percorre os idiomas e atribua atalhos diretos por idioma que o próprio Windows processa, de modo que continuam funcionando mesmo com o CyrFlip fechado. As duas seções guardam um backup único do seu estado anterior.

O histórico da área de transferência é opcional e vem desativado. Quando ativado, guarda localmente o texto Unicode recente, pesquisável em uma janela própria; os itens podem ser fixados, excluídos, pausados ou limpos, e tudo é protegido com a criptografia DPAPI do Windows para o usuário atual.

A inicialização rápida é um segundo módulo opcional, também desligado até você ativá-lo. Ela transforma seus programas, scripts e downloads do yt-dlp em cenários que você inicia pelo submenu da área de notificação, por um atalho global próprio ou pela Jump List da barra de tarefas - até mesmo enquanto o CyrFlip não está em execução, se você fixá-lo. Os cenários da ferramenta independente OneClickRunner, que este módulo absorve, podem ser importados na primeira execução sem tocar nos originais.

O tradutor integrado também é opcional e fica desligado até você ativá-lo. Selecione o texto em qualquer lugar do Windows, pressione o atalho dele, e a tradução aparece em uma janelinha ao lado do ponteiro do mouse, preenchendo-se conforme o modelo escreve. Ele funciona no Ollama, um programa gratuito que você instala uma vez no seu próprio computador: o CyrFlip não o inclui, não tem conta nem chave e, por padrão, fala apenas com http://localhost:11434 - a sua própria máquina - portanto nenhum texto é enviado ao desenvolvedor nem a qualquer serviço de nuvem. As direções formam uma tabela aberta, como as conversões de layout: cada linha é um idioma de destino com seu próprio atalho global, e uma linha também pode seguir o idioma da interface ou o do layout ativo na janela de onde você traduz. O resultado pode ser copiado para a área de transferência, onde o histórico opcional o registra como qualquer outra cópia, ou colado direto sobre a seleção - as duas opções vêm desativadas. A guia ""Tradução"" abre a página de download do Ollama, inicia o servidor, verifica a conexão e baixa um modelo: qwen2.5:3b (~2 GB) é o padrão, gemma2:2b (~1,6 GB) serve para máquinas mais fracas, e aya-expanse:8b (~5 GB) traduz visivelmente melhor com 8 GB de RAM ou mais. Um aviso honesto: a qualidade é a do modelo local, a primeira tradução após um início frio demora porque o modelo é carregado, o Ollama e um modelo são um download de vários gigabytes feito uma única vez, e a memória usada pelo modelo pertence ao processo do Ollama, não ao CyrFlip. Seleções acima de 4000 caracteres são traduzidas até esse ponto, e a janela avisa.

Cada atalho pode ser ligado ou desligado separadamente, o CyrFlip pode cedê-los a um cliente de Área de Trabalho Remota em primeiro plano para que a cópia em execução na sessão remota os processe, e dois interruptores impedem que o Windows durma ou apague a tela enquanto você trabalha.

A interface está disponível em 13 idiomas, incluindo os escritos da direita para a esquerda. Ela roda na área de notificação, usa pouca memória e não exige nada extra instalado no Windows 10/11.

Privacidade: o CyrFlip usa um hook de teclado e a área de transferência apenas para detectar o layout ativo e executar as ações que você aciona. Ele não registra as teclas digitadas e não abre nenhuma conexão de rede, a menos que você ative o tradutor, que fala somente com o servidor Ollama que você indicar - o seu próprio computador, por padrão. Código aberto: https://github.com/SerZhyAle/CyrFlip","CyrFlip es una pequeña aplicación de la bandeja de Windows que muestra la distribución de teclado activa justo donde escribes y convierte el texto entre distribuciones con una sola tecla.

Su función principal es un indicador de distribución en vivo fijado junto al cursor de texto parpadeante, para que siempre sepas en qué distribución vas a escribir - incluso en los navegadores y en el cuadro de chat de VS Code, adonde la mayoría de los indicadores no llega. La misma marca puede sustituir también el puntero de texto del ratón y aparece en el icono de la bandeja. Cada uno de los 13 idiomas seleccionados tiene su propio color, cualquier otra distribución de Windows recibe igualmente su código de dos letras, y BLOQ MAYÚS añade un fino marco alrededor de la marca.

Selecciona el texto escrito en la distribución equivocada y pulsa el atajo: CyrFlip lo translitera en el sitio entre QWERTY y ЙЦУКЕН, en ambos sentidos e incluso con texto mezclado. Un atajo aparte y configurable corrige del mismo modo un BLOQ MAYÚS olvidado.

¿Necesitas otros idiomas? Crea una tabla de conversiones de distribución: tantos pares ""de una distribución a otra"" como quieras, cada uno con su propio atajo global. El texto se convierte por la posición física de las teclas, así que las distribuciones AZERTY y QWERTZ se tratan correctamente, y cada par funciona en ambos sentidos: vuelve a pulsar la misma combinación mientras está activa la otra distribución del par y el texto se convierte de vuelta.

Una ventana de ajustes sustituye además el panel de idiomas de Windows: instala, reordena y quita distribuciones de teclado (no se descarga nada - vienen con Windows), elige el atajo para recorrer los idiomas y asigna atajos directos por idioma que gestiona el propio Windows, de modo que siguen funcionando aunque CyrFlip esté cerrado. Ambas secciones guardan una copia de seguridad única de tu estado anterior.

El historial del portapapeles es opcional y está desactivado de forma predeterminada. Al activarlo, guarda localmente el texto Unicode reciente, con búsqueda en su propia ventana; las entradas se pueden fijar, borrar, pausar o vaciar, y todo queda protegido con el cifrado DPAPI de Windows para el usuario actual.

El inicio rápido es un segundo módulo opcional, también apagado hasta que lo actives. Convierte tus programas, scripts y descargas de yt-dlp en escenarios que puedes lanzar desde el submenú de la bandeja, desde un atajo global propio o desde la Jump List de la barra de tareas - incluso mientras CyrFlip no se está ejecutando, si lo anclas. Los escenarios de la herramienta independiente OneClickRunner, que este módulo absorbe, se pueden importar en el primer arranque sin tocar los originales.

El traductor integrado también es opcional y está apagado hasta que lo actives. Selecciona texto en cualquier parte de Windows, pulsa su atajo y la traducción aparece en una ventanita junto al puntero del ratón, rellenándose a medida que el modelo escribe. Funciona sobre Ollama, un programa gratuito que instalas una sola vez en tu propio ordenador: CyrFlip no lo incluye, no tiene cuenta ni clave y de forma predeterminada solo habla con http://localhost:11434 - tu propia máquina - así que no se envía texto al desarrollador ni a ningún servicio en la nube. Las direcciones son una tabla abierta, como las conversiones de distribución: cada fila es un idioma de destino con su propio atajo global, y una fila puede seguir también el idioma de la interfaz o el de la distribución activa en la ventana desde la que traduces. El resultado se puede copiar al portapapeles, donde el historial opcional lo registra como cualquier otra copia, o pegar directamente sobre la selección: ambas opciones están desactivadas de forma predeterminada. La pestaña ""Traducción"" abre la página de descarga de Ollama, arranca el servidor, comprueba la conexión y descarga un modelo: qwen2.5:3b (~2 GB) es el predeterminado, gemma2:2b (~1,6 GB) va bien en equipos modestos y aya-expanse:8b (~5 GB) traduce claramente mejor con 8 GB de RAM o más. Aviso honesto: la calidad es la del modelo local, la primera traducción tras un arranque en frío tarda porque se carga el modelo, Ollama y un modelo son una descarga de varios gigabytes que haces una vez, y la memoria que usa el modelo pertenece al proceso de Ollama, no a CyrFlip. Las selecciones de más de 4000 caracteres se traducen hasta ese punto, y la ventana lo indica.

Cada atajo se puede activar o desactivar por separado, CyrFlip puede cederlos a un cliente de Escritorio remoto en primer plano para que los gestione la copia que corre en la sesión remota, y dos interruptores impiden que Windows se suspenda o apague la pantalla mientras trabajas.

La interfaz está disponible en 13 idiomas, incluidos los que se escriben de derecha a izquierda. Se ejecuta en la bandeja del sistema, usa poca memoria y no necesita nada más instalado en Windows 10/11.

Privacidad: CyrFlip usa un hook de teclado y el portapapeles solo para detectar la distribución activa y realizar las acciones que tú inicias. No registra las pulsaciones y no abre ninguna conexión de red salvo que actives el traductor, que solo habla con el servidor Ollama que le indiques - tu propio ordenador de forma predeterminada. Código abierto: https://github.com/SerZhyAle/CyrFlip","CyrFlip — це крихітна утиліта в системному треї Windows: вона показує активну розкладку клавіатури прямо там, де ви друкуєте, і перетворює текст між розкладками однією клавішею.

Головна функція — живий індикатор розкладки поруч із миготливим текстовим курсором, тож ви завжди бачите, якою розкладкою друкуєте, — навіть у браузерах і у вікні чату VS Code, куди більшість індикаторів не дотягується. Той самий маркер може замінювати курсор-«балку» миші та відображається на піктограмі в треї. Кожна з 13 популярних мов має власний колір, будь-яка інша розкладка Windows теж отримує свій дволітерний код, а за увімкненого CapsLock навколо маркера з'являється тонка рамка.

Виділіть текст, набраний не в тій розкладці, і натисніть гарячу клавішу: CyrFlip транслітерує його на місці між QWERTY та ЙЦУКЕН, в обидва боки й навіть для змішаного тексту. Окрема налаштовувана гаряча клавіша так само виправляє випадково увімкнений CapsLock.

Потрібні інші мови? Складіть таблицю перетворень: скільки завгодно пар «з розкладки в розкладку», кожна зі своїм глобальним сполученням. Текст перетворюється за фізичними клавішами, тому AZERTY та QWERTZ обробляються коректно, а кожна пара працює в обидва боки — натисніть те саме сполучення, коли активна друга розкладка пари, і текст перетвориться назад.

Вікно налаштувань замінює й розділ мов Windows: встановлення, порядок і видалення розкладок (нічого не завантажується — вони вже входять до складу Windows), сполучення перебору мов і прямі сполучення на кожну мову, які обробляє сама Windows, тому вони працюють навіть за закритого CyrFlip. Обидва розділи один раз зберігають попередній стан для відкату.

Необов'язкова історія буфера обміну типово вимкнена. Після ввімкнення вона зберігає недавні Unicode-тексти лише локально, з пошуком в окремому вікні; записи можна закріплювати, видаляти, призупиняти захоплення або повністю очищати, а сама історія захищена шифруванням Windows DPAPI для поточного облікового запису.

«Швидкий запуск» — другий необов'язковий модуль, теж вимкнений, доки ви його не ввімкнете. Він перетворює ваші програми, скрипти та завантаження yt-dlp на сценарії, які запускаються з підменю в треї, за власним глобальним сполученням або з Jump List панелі завдань — навіть коли CyrFlip не запущено, якщо закріпити його на панелі. Сценарії окремої програми OneClickRunner, яку цей модуль увібрав у себе, можна перенести під час першого ввімкнення, не чіпаючи оригінали.

Вбудований перекладач теж необов'язковий і вимкнений, доки ви його не ввімкнете. Виділіть текст будь-де у Windows, натисніть його сполучення — і переклад з'явиться в невеликому вікні біля вказівника миші, заповнюючись у міру того, як його пише модель. Працює це на Ollama, безкоштовній програмі, яку ви один раз встановлюєте на власний комп'ютер: CyrFlip її не містить, не має ні облікового запису, ні ключа й типово звертається лише до http://localhost:11434 — вашої ж машини, — тому жоден текст не йде ні розробникові, ні до будь-якої хмарної служби. Напрямки — відкрита таблиця, як і перетворення розкладок: кожен рядок це мова перекладу з власним глобальним сполученням, а рядок може ще й стежити за мовою інтерфейсу або за мовою розкладки, активної у вікні, з якого ви перекладаєте. Результат можна класти в буфер обміну, де його записує необов'язкова історія, як і будь-яку іншу копію, або одразу вставляти замість виділення — обидві опції типово вимкнені. Вкладка «Переклад» відкриває сторінку завантаження Ollama, запускає сервер, перевіряє з'єднання й отримує модель: qwen2.5:3b (~2 ГБ) типова, gemma2:2b (~1,6 ГБ) пасує слабшим комп'ютерам, а aya-expanse:8b (~5 ГБ) на 8 ГБ пам'яті й більше перекладає помітно краще. Скажемо чесно: якість буде така, як у локальної моделі; перший переклад після холодного старту триває довше, бо модель завантажується; Ollama з моделлю — це кількагігабайтне завантаження, яке ви робите один раз; а пам'ять, яку займає модель, належить процесу Ollama, а не CyrFlip. Виділення, довші за 4000 символів, перекладаються до цієї межі, і вікно про це повідомляє.

Кожну гарячу клавішу можна вмикати й вимикати окремо, можна поступатися ними активному клієнту віддаленого робочого столу, щоб їх обробляла копія CyrFlip у віддаленому сеансі, а два перемикачі не дають Windows заснути чи погасити екран, поки ви працюєте.

Інтерфейс доступний 13 мовами, зокрема з письмом справа наліво. Працює в системному треї, споживає мало пам'яті й не потребує нічого додатково встановлювати на Windows 10/11.

Конфіденційність: CyrFlip використовує перехоплення клавіатури та буфер обміну лише для функцій, які запускаєте ви. Не веде журнал натискань і не відкриває жодного мережевого з'єднання, доки ви не ввімкнете переклад, — а той звертається лише до сервера Ollama, який ви вказали, типово до вашого ж комп'ютера. Відкритий вихідний код: https://github.com/SerZhyAle/CyrFlip",
ReleaseNotes,3,Text,,"The biggest release so far: five new modules, each optional and off until you switch it on.

Layout conversion is now an open table - any number of ""from layout to layout"" pairs, each with its own shortcut. Text is converted by physical key position, so AZERTY and QWERTZ are handled correctly, and every pair works in both directions. The original EN/RU flip is simply its first row.

A settings page replaces the Windows language pane: install, reorder and remove keyboard layouts, choose the language-cycle shortcut, and assign direct per-language shortcuts that Windows itself handles - they keep working even when CyrFlip is closed.

A built-in translator: select text, press your shortcut, and the translation appears in a small window beside the mouse pointer, filling in as the model writes it. It runs on Ollama, a free program you install once on your own computer, so the text goes to your own machine - never to a cloud service and never to the developer.

Quick launch turns your programs, scripts and yt-dlp downloads into scenarios you can start from the tray, from a global hotkey of their own, or from the taskbar Jump List.

Two keep-awake switches stop Windows sleeping or blanking the screen while you work.

The interface now speaks 13 languages, right-to-left included, and follows your Windows language by default.","Самый большой выпуск за всё время: пять новых модулей, каждый необязательный и выключенный, пока вы его не включите.

Конвертация раскладок теперь открытая таблица - сколько угодно пар «из раскладки в раскладку», у каждой своя комбинация клавиш. Текст переводится по физическому положению клавиш, поэтому AZERTY и QWERTZ обрабатываются правильно, и каждая пара работает в обе стороны. Прежний переворот EN/RU - просто её первая строка.

Отдельная страница настроек заменяет языковую панель Windows: устанавливайте, переставляйте и удаляйте раскладки, выбирайте комбинацию для перебора языков и назначайте прямые сочетания на конкретный язык, которые обрабатывает сама Windows - они работают, даже когда CyrFlip закрыт.

Встроенный переводчик: выделите текст, нажмите свою комбинацию - и перевод появится в небольшом окне рядом с указателем мыши, заполняясь по мере того, как его пишет модель. Работает на Ollama, бесплатной программе, которую вы один раз ставите себе сами, поэтому текст уходит на вашу же машину, а не в облако и не разработчику.

«Быстрый запуск» превращает ваши программы, скрипты и загрузки yt-dlp в сценарии, которые запускаются из трея, по собственной горячей клавише или из списка переходов на панели задач.

Два переключателя не дают Windows уснуть и погасить экран, пока вы работаете.

Интерфейс теперь говорит на 13 языках, включая языки справа налево, и по умолчанию следует за языком Windows.",,,,,,,,,,"Найбільший випуск за весь час: п'ять нових модулів, кожен необов'язковий і вимкнений, доки ви його не ввімкнете.

Конвертація розкладок тепер відкрита таблиця - скільки завгодно пар «з розкладки в розкладку», у кожної власне сполучення клавіш. Текст перетворюється за фізичним положенням клавіш, тож AZERTY і QWERTZ обробляються правильно, і кожна пара працює в обидва боки. Колишнє перевертання EN/RU - просто її перший рядок.

Окрема сторінка налаштувань замінює мовну панель Windows: встановлюйте, переставляйте та вилучайте розкладки, обирайте сполучення для перебору мов і призначайте прямі сполучення на конкретну мову, які обробляє сама Windows - вони працюють, навіть коли CyrFlip закрито.

Вбудований перекладач: виділіть текст, натисніть своє сполучення - і переклад з'явиться в невеликому вікні біля вказівника миші, заповнюючись у міру того, як його пише модель. Працює на Ollama, безкоштовній програмі, яку ви один раз встановлюєте собі самі, тому текст іде на вашу ж машину, а не в хмару й не розробникові.

«Швидкий запуск» перетворює ваші програми, скрипти та завантаження yt-dlp на сценарії, які запускаються з трея, за власною гарячою клавішею або зі списку переходів на панелі задач.

Два перемикачі не дають Windows заснути та згасити екран, доки ви працюєте.

Інтерфейс тепер говорить 13 мовами, зокрема справа наліво, і типово стежить за мовою Windows.",
Title,4,Text,,CyrFlip,CyrFlip,CyrFlip,CyrFlip,CyrFlip,CyrFlip,CyrFlip,CyrFlip,CyrFlip,CyrFlip,CyrFlip,CyrFlip,
ShortTitle,5,Text,,,,,,,,,,,,,,
SortTitle,6,Text,,,,,,,,,,,,,,
VoiceTitle,7,Text,,,,,,,,,,,,,,
ShortDescription,8,Text,,"Live keyboard-layout indicator right at your text caret, plus one-key conversion between any two installed layouts.",Живой индикатор раскладки прямо у текстового курсора и конвертация текста между любыми двумя установленными раскладками одной клавишей.,مؤشر حي لتخطيط لوحة المفاتيح بجوار مؤشر الكتابة، مع تحويل النص بين أي تخطيطين مثبَّتين بضغطة مفتاح واحدة.,"টেক্সট কার্সরের ঠিক পাশে কীবোর্ড লেআউটের সরাসরি নির্দেশক, আর যেকোনো দুটি ইনস্টল করা লেআউটের মধ্যে এক কী চেপে লেখা বদল।",在文字光标旁实时显示键盘布局，并可一键在任意两种已安装布局之间转换文本。,Indicateur de disposition clavier juste à côté du curseur de texte et conversion entre deux dispositions installées d'une seule touche.,"Live-Anzeige des Tastaturlayouts direkt an der Schreibmarke, plus Umwandlung zwischen zwei beliebigen installierten Layouts per Tastendruck.","टेक्स्ट कर्सर के ठीक पास कीबोर्ड लेआउट का लाइव संकेतक, और किन्हीं दो इंस्टॉल लेआउट के बीच एक ही कुंजी से टेक्स्ट बदलना।",Indicatore di layout della tastiera accanto al cursore di testo e conversione tra due layout installati con un solo tasto.,Indicador do layout de teclado ao lado do cursor de texto e conversão entre dois layouts instalados com uma única tecla.,Indicador de distribución de teclado junto al cursor de texto y conversión entre dos distribuciones instaladas con una sola tecla.,Живий індикатор розкладки просто біля текстового курсора та перетворення тексту між будь-якими двома встановленими розкладками однією клавішею.,
DevStudio,9,Text,,,,,,,,,,,,,,
CopyrightTrademarkInformation,12,Text,,(c) 2026 Serhii Zhyhunenko,(c) 2026 Serhii Zhyhunenko,(c) 2026 Serhii Zhyhunenko,(c) 2026 Serhii Zhyhunenko,(c) 2026 Serhii Zhyhunenko,(c) 2026 Serhii Zhyhunenko,(c) 2026 Serhii Zhyhunenko,(c) 2026 Serhii Zhyhunenko,(c) 2026 Serhii Zhyhunenko,(c) 2026 Serhii Zhyhunenko,(c) 2026 Serhii Zhyhunenko,(c) 2026 Serhii Zhyhunenko,
AdditionalLicenseTerms,13,Text,,,,,,,,,,,,,,
DesktopScreenshot1,100,Relative path (or URL to file in Partner Center),,https://developer.microsoft.com/en-us/dashboard/apps/9NB4W41NGQJ4/submissions/1152921505701491710/listings/1152922700025703689/listingassets/3002332669732948733,https://developer.microsoft.com/en-us/dashboard/apps/9NB4W41NGQJ4/submissions/1152921505701491710/listings/1152922700025764004/listingassets/3021531227208492720,,,,,,,,,,,
DesktopScreenshot2,101,Relative path (or URL to file in Partner Center),,,,,,,,,,,,,,
DesktopScreenshot3,102,Relative path (or URL to file in Partner Center),,,,,,,,,,,,,,
DesktopScreenshot4,103,Relative path (or URL to file in Partner Center),,,,,,,,,,,,,,
DesktopScreenshot5,104,Relative path (or URL to file in Partner Center),,,,,,,,,,,,,,
DesktopScreenshot6,105,Relative path (or URL to file in Partner Center),,,,,,,,,,,,,,
DesktopScreenshot7,106,Relative path (or URL to file in Partner Center),,,,,,,,,,,,,,
DesktopScreenshot8,107,Relative path (or URL to file in Partner Center),,,,,,,,,,,,,,
DesktopScreenshot9,108,Relative path (or URL to file in Partner Center),,,,,,,,,,,,,,
DesktopScreenshot10,109,Relative path (or URL to file in Partner Center),,,,,,,,,,,,,,
DesktopScreenshot11,110,Relative path (or URL to file in Partner Center),,,,,,,,,,,,,,
DesktopScreenshot12,111,Relative path (or URL to file in Partner Center),,,,,,,,,,,,,,
DesktopScreenshot13,112,Relative path (or URL to file in Partner Center),,,,,,,,,,,,,,
DesktopScreenshot14,113,Relative path (or URL to file in Partner Center),,,,,,,,,,,,,,
DesktopScreenshot15,114,Relative path (or URL to file in Partner Center),,,,,,,,,,,,,,
DesktopScreenshot16,115,Relative path (or URL to file in Partner Center),,,,,,,,,,,,,,
DesktopScreenshot17,116,Relative path (or URL to file in Partner Center),,,,,,,,,,,,,,
DesktopScreenshot18,117,Relative path (or URL to file in Partner Center),,,,,,,,,,,,,,
DesktopScreenshot19,118,Relative path (or URL to file in Partner Center),,,,,,,,,,,,,,
DesktopScreenshot20,119,Relative path (or URL to file in Partner Center),,,,,,,,,,,,,,
DesktopScreenshot21,120,Relative path (or URL to file in Partner Center),,,,,,,,,,,,,,
DesktopScreenshot22,121,Relative path (or URL to file in Partner Center),,,,,,,,,,,,,,
DesktopScreenshot23,122,Relative path (or URL to file in Partner Center),,,,,,,,,,,,,,
DesktopScreenshot24,123,Relative path (or URL to file in Partner Center),,,,,,,,,,,,,,
DesktopScreenshot25,124,Relative path (or URL to file in Partner Center),,,,,,,,,,,,,,
DesktopScreenshot26,125,Relative path (or URL to file in Partner Center),,,,,,,,,,,,,,
DesktopScreenshot27,126,Relative path (or URL to file in Partner Center),,,,,,,,,,,,,,
DesktopScreenshot28,127,Relative path (or URL to file in Partner Center),,,,,,,,,,,,,,
DesktopScreenshot29,128,Relative path (or URL to file in Partner Center),,,,,,,,,,,,,,
DesktopScreenshot30,129,Relative path (or URL to file in Partner Center),,,,,,,,,,,,,,
DesktopScreenshotCaption1,150,Text,,,,,,,,,,,,,,
DesktopScreenshotCaption2,151,Text,,,,,,,,,,,,,,
DesktopScreenshotCaption3,152,Text,,,,,,,,,,,,,,
DesktopScreenshotCaption4,153,Text,,,,,,,,,,,,,,
DesktopScreenshotCaption5,154,Text,,,,,,,,,,,,,,
DesktopScreenshotCaption6,155,Text,,,,,,,,,,,,,,
DesktopScreenshotCaption7,156,Text,,,,,,,,,,,,,,
DesktopScreenshotCaption8,157,Text,,,,,,,,,,,,,,
DesktopScreenshotCaption9,158,Text,,,,,,,,,,,,,,
DesktopScreenshotCaption10,159,Text,,,,,,,,,,,,,,
DesktopScreenshotCaption11,160,Text,,,,,,,,,,,,,,
DesktopScreenshotCaption12,161,Text,,,,,,,,,,,,,,
DesktopScreenshotCaption13,162,Text,,,,,,,,,,,,,,
DesktopScreenshotCaption14,163,Text,,,,,,,,,,,,,,
DesktopScreenshotCaption15,164,Text,,,,,,,,,,,,,,
DesktopScreenshotCaption16,165,Text,,,,,,,,,,,,,,
DesktopScreenshotCaption17,166,Text,,,,,,,,,,,,,,
DesktopScreenshotCaption18,167,Text,,,,,,,,,,,,,,
DesktopScreenshotCaption19,168,Text,,,,,,,,,,,,,,
DesktopScreenshotCaption20,169,Text,,,,,,,,,,,,,,
DesktopScreenshotCaption21,170,Text,,,,,,,,,,,,,,
DesktopScreenshotCaption22,171,Text,,,,,,,,,,,,,,
DesktopScreenshotCaption23,172,Text,,,,,,,,,,,,,,
DesktopScreenshotCaption24,173,Text,,,,,,,,,,,,,,
DesktopScreenshotCaption25,174,Text,,,,,,,,,,,,,,
DesktopScreenshotCaption26,175,Text,,,,,,,,,,,,,,
DesktopScreenshotCaption27,176,Text,,,,,,,,,,,,,,
DesktopScreenshotCaption28,177,Text,,,,,,,,,,,,,,
DesktopScreenshotCaption29,178,Text,,,,,,,,,,,,,,
DesktopScreenshotCaption30,179,Text,,,,,,,,,,,,,,
MobileScreenshot1,200,Relative path (or URL to file in Partner Center),,,,,,,,,,,,,,
MobileScreenshot2,201,Relative path (or URL to file in Partner Center),,,,,,,,,,,,,,
MobileScreenshot3,202,Relative path (or URL to file in Partner Center),,,,,,,,,,,,,,
MobileScreenshot4,203,Relative path (or URL to file in Partner Center),,,,,,,,,,,,,,
MobileScreenshot5,204,Relative path (or URL to file in Partner Center),,,,,,,,,,,,,,
MobileScreenshot6,205,Relative path (or URL to file in Partner Center),,,,,,,,,,,,,,
MobileScreenshot7,206,Relative path (or URL to file in Partner Center),,,,,,,,,,,,,,
MobileScreenshot8,207,Relative path (or URL to file in Partner Center),,,,,,,,,,,,,,
MobileScreenshot9,208,Relative path (or URL to file in Partner Center),,,,,,,,,,,,,,
MobileScreenshot10,209,Relative path (or URL to file in Partner Center),,,,,,,,,,,,,,
MobileScreenshot11,210,Relative path (or URL to file in Partner Center),,,,,,,,,,,,,,
MobileScreenshot12,211,Relative path (or URL to file in Partner Center),,,,,,,,,,,,,,
MobileScreenshot13,212,Relative path (or URL to file in Partner Center),,,,,,,,,,,,,,
MobileScreenshot14,213,Relative path (or URL to file in Partner Center),,,,,,,,,,,,,,
MobileScreenshot15,214,Relative path (or URL to file in Partner Center),,,,,,,,,,,,,,
MobileScreenshot16,215,Relative path (or URL to file in Partner Center),,,,,,,,,,,,,,
MobileScreenshot17,216,Relative path (or URL to file in Partner Center),,,,,,,,,,,,,,
MobileScreenshot18,217,Relative path (or URL to file in Partner Center),,,,,,,,,,,,,,
MobileScreenshot19,218,Relative path (or URL to file in Partner Center),,,,,,,,,,,,,,
MobileScreenshot20,219,Relative path (or URL to file in Partner Center),,,,,,,,,,,,,,
MobileScreenshot21,220,Relative path (or URL to file in Partner Center),,,,,,,,,,,,,,
MobileScreenshot22,221,Relative path (or URL to file in Partner Center),,,,,,,,,,,,,,
MobileScreenshot23,222,Relative path (or URL to file in Partner Center),,,,,,,,,,,,,,
MobileScreenshot24,223,Relative path (or URL to file in Partner Center),,,,,,,,,,,,,,
MobileScreenshot25,224,Relative path (or URL to file in Partner Center),,,,,,,,,,,,,,
MobileScreenshot26,225,Relative path (or URL to file in Partner Center),,,,,,,,,,,,,,
MobileScreenshot27,226,Relative path (or URL to file in Partner Center),,,,,,,,,,,,,,
MobileScreenshot28,227,Relative path (or URL to file in Partner Center),,,,,,,,,,,,,,
MobileScreenshot29,228,Relative path (or URL to file in Partner Center),,,,,,,,,,,,,,
MobileScreenshot30,229,Relative path (or URL to file in Partner Center),,,,,,,,,,,,,,
MobileScreenshotCaption1,250,Text,,,,,,,,,,,,,,
MobileScreenshotCaption2,251,Text,,,,,,,,,,,,,,
MobileScreenshotCaption3,252,Text,,,,,,,,,,,,,,
MobileScreenshotCaption4,253,Text,,,,,,,,,,,,,,
MobileScreenshotCaption5,254,Text,,,,,,,,,,,,,,
MobileScreenshotCaption6,255,Text,,,,,,,,,,,,,,
MobileScreenshotCaption7,256,Text,,,,,,,,,,,,,,
MobileScreenshotCaption8,257,Text,,,,,,,,,,,,,,
MobileScreenshotCaption9,258,Text,,,,,,,,,,,,,,
MobileScreenshotCaption10,259,Text,,,,,,,,,,,,,,
MobileScreenshotCaption11,260,Text,,,,,,,,,,,,,,
MobileScreenshotCaption12,261,Text,,,,,,,,,,,,,,
MobileScreenshotCaption13,262,Text,,,,,,,,,,,,,,
MobileScreenshotCaption14,263,Text,,,,,,,,,,,,,,
MobileScreenshotCaption15,264,Text,,,,,,,,,,,,,,
MobileScreenshotCaption16,265,Text,,,,,,,,,,,,,,
MobileScreenshotCaption17,266,Text,,,,,,,,,,,,,,
MobileScreenshotCaption18,267,Text,,,,,,,,,,,,,,
MobileScreenshotCaption19,268,Text,,,,,,,,,,,,,,
MobileScreenshotCaption20,269,Text,,,,,,,,,,,,,,
MobileScreenshotCaption21,270,Text,,,,,,,,,,,,,,
MobileScreenshotCaption22,271,Text,,,,,,,,,,,,,,
MobileScreenshotCaption23,272,Text,,,,,,,,,,,,,,
MobileScreenshotCaption24,273,Text,,,,,,,,,,,,,,
MobileScreenshotCaption25,274,Text,,,,,,,,,,,,,,
MobileScreenshotCaption26,275,Text,,,,,,,,,,,,,,
MobileScreenshotCaption27,276,Text,,,,,,,,,,,,,,
MobileScreenshotCaption28,277,Text,,,,,,,,,,,,,,
MobileScreenshotCaption29,278,Text,,,,,,,,,,,,,,
MobileScreenshotCaption30,279,Text,,,,,,,,,,,,,,
XboxScreenshot1,300,Relative path (or URL to file in Partner Center),,,,,,,,,,,,,,
XboxScreenshot2,301,Relative path (or URL to file in Partner Center),,,,,,,,,,,,,,
XboxScreenshot3,302,Relative path (or URL to file in Partner Center),,,,,,,,,,,,,,
XboxScreenshot4,303,Relative path (or URL to file in Partner Center),,,,,,,,,,,,,,
XboxScreenshot5,304,Relative path (or URL to file in Partner Center),,,,,,,,,,,,,,
XboxScreenshot6,305,Relative path (or URL to file in Partner Center),,,,,,,,,,,,,,
XboxScreenshot7,306,Relative path (or URL to file in Partner Center),,,,,,,,,,,,,,
XboxScreenshot8,307,Relative path (or URL to file in Partner Center),,,,,,,,,,,,,,
XboxScreenshot9,308,Relative path (or URL to file in Partner Center),,,,,,,,,,,,,,
XboxScreenshot10,309,Relative path (or URL to file in Partner Center),,,,,,,,,,,,,,
XboxScreenshot11,310,Relative path (or URL to file in Partner Center),,,,,,,,,,,,,,
XboxScreenshot12,311,Relative path (or URL to file in Partner Center),,,,,,,,,,,,,,
XboxScreenshot13,312,Relative path (or URL to file in Partner Center),,,,,,,,,,,,,,
XboxScreenshot14,313,Relative path (or URL to file in Partner Center),,,,,,,,,,,,,,
XboxScreenshot15,314,Relative path (or URL to file in Partner Center),,,,,,,,,,,,,,
XboxScreenshot16,315,Relative path (or URL to file in Partner Center),,,,,,,,,,,,,,
XboxScreenshot17,316,Relative path (or URL to file in Partner Center),,,,,,,,,,,,,,
XboxScreenshot18,317,Relative path (or URL to file in Partner Center),,,,,,,,,,,,,,
XboxScreenshot19,318,Relative path (or URL to file in Partner Center),,,,,,,,,,,,,,
XboxScreenshot20,319,Relative path (or URL to file in Partner Center),,,,,,,,,,,,,,
XboxScreenshot21,320,Relative path (or URL to file in Partner Center),,,,,,,,,,,,,,
XboxScreenshot22,321,Relative path (or URL to file in Partner Center),,,,,,,,,,,,,,
XboxScreenshot23,322,Relative path (or URL to file in Partner Center),,,,,,,,,,,,,,
XboxScreenshot24,323,Relative path (or URL to file in Partner Center),,,,,,,,,,,,,,
XboxScreenshot25,324,Relative path (or URL to file in Partner Center),,,,,,,,,,,,,,
XboxScreenshot26,325,Relative path (or URL to file in Partner Center),,,,,,,,,,,,,,
XboxScreenshot27,326,Relative path (or URL to file in Partner Center),,,,,,,,,,,,,,
XboxScreenshot28,327,Relative path (or URL to file in Partner Center),,,,,,,,,,,,,,
XboxScreenshot29,328,Relative path (or URL to file in Partner Center),,,,,,,,,,,,,,
XboxScreenshot30,329,Relative path (or URL to file in Partner Center),,,,,,,,,,,,,,
XboxScreenshotCaption1,350,Text,,,,,,,,,,,,,,
XboxScreenshotCaption2,351,Text,,,,,,,,,,,,,,
XboxScreenshotCaption3,352,Text,,,,,,,,,,,,,,
XboxScreenshotCaption4,353,Text,,,,,,,,,,,,,,
XboxScreenshotCaption5,354,Text,,,,,,,,,,,,,,
XboxScreenshotCaption6,355,Text,,,,,,,,,,,,,,
XboxScreenshotCaption7,356,Text,,,,,,,,,,,,,,
XboxScreenshotCaption8,357,Text,,,,,,,,,,,,,,
XboxScreenshotCaption9,358,Text,,,,,,,,,,,,,,
XboxScreenshotCaption10,359,Text,,,,,,,,,,,,,,
XboxScreenshotCaption11,360,Text,,,,,,,,,,,,,,
XboxScreenshotCaption12,361,Text,,,,,,,,,,,,,,
XboxScreenshotCaption13,362,Text,,,,,,,,,,,,,,
XboxScreenshotCaption14,363,Text,,,,,,,,,,,,,,
XboxScreenshotCaption15,364,Text,,,,,,,,,,,,,,
XboxScreenshotCaption16,365,Text,,,,,,,,,,,,,,
XboxScreenshotCaption17,366,Text,,,,,,,,,,,,,,
XboxScreenshotCaption18,367,Text,,,,,,,,,,,,,,
XboxScreenshotCaption19,368,Text,,,,,,,,,,,,,,
XboxScreenshotCaption20,369,Text,,,,,,,,,,,,,,
XboxScreenshotCaption21,370,Text,,,,,,,,,,,,,,
XboxScreenshotCaption22,371,Text,,,,,,,,,,,,,,
XboxScreenshotCaption23,372,Text,,,,,,,,,,,,,,
XboxScreenshotCaption24,373,Text,,,,,,,,,,,,,,
XboxScreenshotCaption25,374,Text,,,,,,,,,,,,,,
XboxScreenshotCaption26,375,Text,,,,,,,,,,,,,,
XboxScreenshotCaption27,376,Text,,,,,,,,,,,,,,
XboxScreenshotCaption28,377,Text,,,,,,,,,,,,,,
XboxScreenshotCaption29,378,Text,,,,,,,,,,,,,,
XboxScreenshotCaption30,379,Text,,,,,,,,,,,,,,
HolographicScreenshot1,400,Relative path (or URL to file in Partner Center),,,,,,,,,,,,,,
HolographicScreenshot2,401,Relative path (or URL to file in Partner Center),,,,,,,,,,,,,,
HolographicScreenshot3,402,Relative path (or URL to file in Partner Center),,,,,,,,,,,,,,
HolographicScreenshot4,403,Relative path (or URL to file in Partner Center),,,,,,,,,,,,,,
HolographicScreenshot5,404,Relative path (or URL to file in Partner Center),,,,,,,,,,,,,,
HolographicScreenshot6,405,Relative path (or URL to file in Partner Center),,,,,,,,,,,,,,
HolographicScreenshot7,406,Relative path (or URL to file in Partner Center),,,,,,,,,,,,,,
HolographicScreenshot8,407,Relative path (or URL to file in Partner Center),,,,,,,,,,,,,,
HolographicScreenshot9,408,Relative path (or URL to file in Partner Center),,,,,,,,,,,,,,
HolographicScreenshot10,409,Relative path (or URL to file in Partner Center),,,,,,,,,,,,,,
HolographicScreenshot11,410,Relative path (or URL to file in Partner Center),,,,,,,,,,,,,,
HolographicScreenshot12,411,Relative path (or URL to file in Partner Center),,,,,,,,,,,,,,
HolographicScreenshot13,412,Relative path (or URL to file in Partner Center),,,,,,,,,,,,,,
HolographicScreenshot14,413,Relative path (or URL to file in Partner Center),,,,,,,,,,,,,,
HolographicScreenshot15,414,Relative path (or URL to file in Partner Center),,,,,,,,,,,,,,
HolographicScreenshot16,415,Relative path (or URL to file in Partner Center),,,,,,,,,,,,,,
HolographicScreenshot17,416,Relative path (or URL to file in Partner Center),,,,,,,,,,,,,,
HolographicScreenshot18,417,Relative path (or URL to file in Partner Center),,,,,,,,,,,,,,
HolographicScreenshot19,418,Relative path (or URL to file in Partner Center),,,,,,,,,,,,,,
HolographicScreenshot20,419,Relative path (or URL to file in Partner Center),,,,,,,,,,,,,,
HolographicScreenshot21,420,Relative path (or URL to file in Partner Center),,,,,,,,,,,,,,
HolographicScreenshot22,421,Relative path (or URL to file in Partner Center),,,,,,,,,,,,,,
HolographicScreenshot23,422,Relative path (or URL to file in Partner Center),,,,,,,,,,,,,,
HolographicScreenshot24,423,Relative path (or URL to file in Partner Center),,,,,,,,,,,,,,
HolographicScreenshot25,424,Relative path (or URL to file in Partner Center),,,,,,,,,,,,,,
HolographicScreenshot26,425,Relative path (or URL to file in Partner Center),,,,,,,,,,,,,,
HolographicScreenshot27,426,Relative path (or URL to file in Partner Center),,,,,,,,,,,,,,
HolographicScreenshot28,427,Relative path (or URL to file in Partner Center),,,,,,,,,,,,,,
HolographicScreenshot29,428,Relative path (or URL to file in Partner Center),,,,,,,,,,,,,,
HolographicScreenshot30,429,Relative path (or URL to file in Partner Center),,,,,,,,,,,,,,
HolographicScreenshotCaption1,450,Text,,,,,,,,,,,,,,
HolographicScreenshotCaption2,451,Text,,,,,,,,,,,,,,
HolographicScreenshotCaption3,452,Text,,,,,,,,,,,,,,
HolographicScreenshotCaption4,453,Text,,,,,,,,,,,,,,
HolographicScreenshotCaption5,454,Text,,,,,,,,,,,,,,
HolographicScreenshotCaption6,455,Text,,,,,,,,,,,,,,
HolographicScreenshotCaption7,456,Text,,,,,,,,,,,,,,
HolographicScreenshotCaption8,457,Text,,,,,,,,,,,,,,
HolographicScreenshotCaption9,458,Text,,,,,,,,,,,,,,
HolographicScreenshotCaption10,459,Text,,,,,,,,,,,,,,
HolographicScreenshotCaption11,460,Text,,,,,,,,,,,,,,
HolographicScreenshotCaption12,461,Text,,,,,,,,,,,,,,
HolographicScreenshotCaption13,462,Text,,,,,,,,,,,,,,
HolographicScreenshotCaption14,463,Text,,,,,,,,,,,,,,
HolographicScreenshotCaption15,464,Text,,,,,,,,,,,,,,
HolographicScreenshotCaption16,465,Text,,,,,,,,,,,,,,
HolographicScreenshotCaption17,466,Text,,,,,,,,,,,,,,
HolographicScreenshotCaption18,467,Text,,,,,,,,,,,,,,
HolographicScreenshotCaption19,468,Text,,,,,,,,,,,,,,
HolographicScreenshotCaption20,469,Text,,,,,,,,,,,,,,
HolographicScreenshotCaption21,470,Text,,,,,,,,,,,,,,
HolographicScreenshotCaption22,471,Text,,,,,,,,,,,,,,
HolographicScreenshotCaption23,472,Text,,,,,,,,,,,,,,
HolographicScreenshotCaption24,473,Text,,,,,,,,,,,,,,
HolographicScreenshotCaption25,474,Text,,,,,,,,,,,,,,
HolographicScreenshotCaption26,475,Text,,,,,,,,,,,,,,
HolographicScreenshotCaption27,476,Text,,,,,,,,,,,,,,
HolographicScreenshotCaption28,477,Text,,,,,,,,,,,,,,
HolographicScreenshotCaption29,478,Text,,,,,,,,,,,,,,
HolographicScreenshotCaption30,479,Text,,,,,,,,,,,,,,
SurfaceHubScreenshot11,510,Relative path (or URL to file in Partner Center),,,,,,,,,,,,,,
SurfaceHubScreenshot12,511,Relative path (or URL to file in Partner Center),,,,,,,,,,,,,,
SurfaceHubScreenshot13,512,Relative path (or URL to file in Partner Center),,,,,,,,,,,,,,
SurfaceHubScreenshot14,513,Relative path (or URL to file in Partner Center),,,,,,,,,,,,,,
SurfaceHubScreenshot15,514,Relative path (or URL to file in Partner Center),,,,,,,,,,,,,,
SurfaceHubScreenshot16,515,Relative path (or URL to file in Partner Center),,,,,,,,,,,,,,
SurfaceHubScreenshot17,516,Relative path (or URL to file in Partner Center),,,,,,,,,,,,,,
SurfaceHubScreenshot18,517,Relative path (or URL to file in Partner Center),,,,,,,,,,,,,,
SurfaceHubScreenshot19,518,Relative path (or URL to file in Partner Center),,,,,,,,,,,,,,
SurfaceHubScreenshot20,519,Relative path (or URL to file in Partner Center),,,,,,,,,,,,,,
SurfaceHubScreenshot21,520,Relative path (or URL to file in Partner Center),,,,,,,,,,,,,,
SurfaceHubScreenshot22,521,Relative path (or URL to file in Partner Center),,,,,,,,,,,,,,
SurfaceHubScreenshot23,522,Relative path (or URL to file in Partner Center),,,,,,,,,,,,,,
SurfaceHubScreenshot24,523,Relative path (or URL to file in Partner Center),,,,,,,,,,,,,,
SurfaceHubScreenshot25,524,Relative path (or URL to file in Partner Center),,,,,,,,,,,,,,
SurfaceHubScreenshot26,525,Relative path (or URL to file in Partner Center),,,,,,,,,,,,,,
SurfaceHubScreenshot27,526,Relative path (or URL to file in Partner Center),,,,,,,,,,,,,,
SurfaceHubScreenshot28,527,Relative path (or URL to file in Partner Center),,,,,,,,,,,,,,
SurfaceHubScreenshot29,528,Relative path (or URL to file in Partner Center),,,,,,,,,,,,,,
SurfaceHubScreenshot30,529,Relative path (or URL to file in Partner Center),,,,,,,,,,,,,,
SurfaceHubScreenshotCaption11,560,Text,,,,,,,,,,,,,,
SurfaceHubScreenshotCaption12,561,Text,,,,,,,,,,,,,,
SurfaceHubScreenshotCaption13,562,Text,,,,,,,,,,,,,,
SurfaceHubScreenshotCaption14,563,Text,,,,,,,,,,,,,,
SurfaceHubScreenshotCaption15,564,Text,,,,,,,,,,,,,,
SurfaceHubScreenshotCaption16,565,Text,,,,,,,,,,,,,,
SurfaceHubScreenshotCaption17,566,Text,,,,,,,,,,,,,,
SurfaceHubScreenshotCaption18,567,Text,,,,,,,,,,,,,,
SurfaceHubScreenshotCaption19,568,Text,,,,,,,,,,,,,,
SurfaceHubScreenshotCaption20,569,Text,,,,,,,,,,,,,,
SurfaceHubScreenshotCaption21,570,Text,,,,,,,,,,,,,,
SurfaceHubScreenshotCaption22,571,Text,,,,,,,,,,,,,,
SurfaceHubScreenshotCaption23,572,Text,,,,,,,,,,,,,,
SurfaceHubScreenshotCaption24,573,Text,,,,,,,,,,,,,,
SurfaceHubScreenshotCaption25,574,Text,,,,,,,,,,,,,,
SurfaceHubScreenshotCaption26,575,Text,,,,,,,,,,,,,,
SurfaceHubScreenshotCaption27,576,Text,,,,,,,,,,,,,,
SurfaceHubScreenshotCaption28,577,Text,,,,,,,,,,,,,,
SurfaceHubScreenshotCaption29,578,Text,,,,,,,,,,,,,,
SurfaceHubScreenshotCaption30,579,Text,,,,,,,,,,,,,,
StoreLogo720x1080,600,Relative path (or URL to file in Partner Center),,https://developer.microsoft.com/en-us/dashboard/apps/9NB4W41NGQJ4/submissions/1152921505701491710/listings/1152922700025703689/listingassets/3024536845760649503,https://developer.microsoft.com/en-us/dashboard/apps/9NB4W41NGQJ4/submissions/1152921505701491710/listings/1152922700025764004/listingassets/3016062305556145027,,,,,,,,,,,
StoreLogo1080x1080,601,Relative path (or URL to file in Partner Center),,https://developer.microsoft.com/en-us/dashboard/apps/9NB4W41NGQJ4/submissions/1152921505701491710/listings/1152922700025703689/listingassets/3065505256797392410,https://developer.microsoft.com/en-us/dashboard/apps/9NB4W41NGQJ4/submissions/1152921505701491710/listings/1152922700025764004/listingassets/3064050062548199220,,,,,,,,,,,
StoreLogo300x300,602,Relative path (or URL to file in Partner Center),,https://developer.microsoft.com/en-us/dashboard/apps/9NB4W41NGQJ4/submissions/1152921505701491710/listings/1152922700025703689/listingassets/3011622184153582248,https://developer.microsoft.com/en-us/dashboard/apps/9NB4W41NGQJ4/submissions/1152921505701491710/listings/1152922700025764004/listingassets/3000937792344993296,,,,,,,,,,,
OverrideLogosForWin10,603,True/False,,True,True,True,True,True,True,True,True,True,True,True,True,False
StoreLogoOverride150x150,604,Relative path (or URL to file in Partner Center),,https://developer.microsoft.com/en-us/dashboard/apps/9NB4W41NGQJ4/submissions/1152921505701491710/listings/1152922700025703689/listingassets/3033703904342428710,https://developer.microsoft.com/en-us/dashboard/apps/9NB4W41NGQJ4/submissions/1152921505701491710/listings/1152922700025764004/listingassets/3022149731566340303,,,,,,,,,,,
StoreLogoOverride71x71,605,Relative path (or URL to file in Partner Center),,https://developer.microsoft.com/en-us/dashboard/apps/9NB4W41NGQJ4/submissions/1152921505701491710/listings/1152922700025703689/listingassets/3033383520326831437,https://developer.microsoft.com/en-us/dashboard/apps/9NB4W41NGQJ4/submissions/1152921505701491710/listings/1152922700025764004/listingassets/3059838894553140024,,,,,,,,,,,
PromoImage1920x1080,606,Relative path (or URL to file in Partner Center),,,,,,,,,,,,,,
PromoImage2400x1200,607,Relative path (or URL to file in Partner Center),,,,,,,,,,,,,,
XboxBrandedKeyArt584x800,608,Relative path (or URL to file in Partner Center),,,,,,,,,,,,,,
XboxTitledHero1920x1080,609,Relative path (or URL to file in Partner Center),,,,,,,,,,,,,,
XboxFeaturedPromo1080x1080,610,Relative path (or URL to file in Partner Center),,,,,,,,,,,,,,
OptionalPromo358x358,611,Relative path (or URL to file in Partner Center),,,,,,,,,,,,,,
OptionalPromo1000x800,612,Relative path (or URL to file in Partner Center),,,,,,,,,,,,,,
OptionalPromo414x180,613,Relative path (or URL to file in Partner Center),,,,,,,,,,,,,,
Feature1,700,Text,,Live layout marker next to the text caret - works in browsers and the VS Code chat,Живой маркер раскладки у текстового курсора — работает в браузерах и чате VS Code,علامة حية للتخطيط بجوار مؤشر الكتابة - تعمل في المتصفحات وفي محادثة VS Code,টেক্সট কার্সরের পাশে সরাসরি লেআউট চিহ্ন - ব্রাউজার ও VS Code চ্যাটেও কাজ করে,文字光标旁的实时布局标记 —— 在浏览器和 VS Code 聊天框中同样有效,Repère de disposition près du curseur de texte - fonctionne dans les navigateurs et le chat VS Code,Live-Layoutmarkierung neben der Schreibmarke - funktioniert in Browsern und im VS-Code-Chat,टेक्स्ट कर्सर के पास लाइव लेआउट चिह्न - ब्राउज़र और VS Code चैट में भी काम करता है,Contrassegno del layout accanto al cursore di testo - funziona nei browser e nella chat di VS Code,Marca do layout ao lado do cursor de texto - funciona em navegadores e no chat do VS Code,Marca de distribución junto al cursor de texto - funciona en navegadores y en el chat de VS Code,Живий маркер розкладки біля текстового курсора — працює в браузерах і чаті VS Code,
Feature2,701,Text,,"13 curated languages, each with its own colour; any other Windows layout gets its code too","13 популярных языков, у каждого свой цвет; любая другая раскладка Windows тоже получает код",ثلاث عشرة لغة مختارة، لكل منها لونها؛ وأي تخطيط ويندوز آخر يحصل على رمزه أيضًا,"বাছাই করা ১৩টি ভাষা, প্রত্যেকটির নিজস্ব রং; অন্য যেকোনো লেআউটও নিজের কোড পায়",13 种精选语言各有专属颜色；其他任何 Windows 布局也会显示自己的代码,"13 langues retenues, chacune avec sa couleur ; toute autre disposition Windows a aussi son code","13 kuratierte Sprachen, jede mit eigener Farbe; jedes andere Windows-Layout bekommt sein Kürzel","13 चुनी हुई भाषाएँ, हर एक का अपना रंग; बाकी हर विंडोज़ लेआउट को भी उसका कोड मिलता है","13 lingue selezionate, ognuna con il suo colore; ogni altro layout di Windows ha il suo codice","13 idiomas selecionados, cada um com sua cor; qualquer outro layout também recebe seu código","13 idiomas seleccionados, cada uno con su color; cualquier otra distribución recibe su código","13 популярних мов, кожна зі своїм кольором; будь-яка інша розкладка Windows теж отримує код",
Feature3,702,Text,,"One-key transliteration between QWERTY and ЙЦУКЕН, in place, both directions","Транслитерация одной клавишей между QWERTY и ЙЦУКЕН, на месте, в обе стороны",تحويل حرفي بين QWERTY وЙЦУКЕН بضغطة مفتاح، في مكانه، وفي الاتجاهين,"QWERTY ও ЙЦУКЕН-এর মধ্যে এক কী চেপে জায়গামতোই লিপ্যন্তর, দুই দিকেই",一键在 QWERTY 与 ЙЦУКЕН 之间就地转写，双向均可,"Translittération entre QWERTY et ЙЦУКЕН d'une touche, sur place, dans les deux sens","Transliteration zwischen QWERTY und ЙЦУКЕН per Taste, an Ort und Stelle, in beide Richtungen","QWERTY और ЙЦУКЕН के बीच एक कुंजी से वहीं का वहीं लिप्यंतरण, दोनों दिशाओं में","Traslitterazione tra QWERTY e ЙЦУКЕН con un tasto, sul posto, in entrambe le direzioni","Transliteração entre QWERTY e ЙЦУКЕН com uma tecla, no lugar, nos dois sentidos","Transliteración entre QWERTY y ЙЦУКЕН con una tecla, en el sitio, en ambos sentidos","Транслітерація однією клавішею між QWERTY та ЙЦУКЕН, на місці, в обидва боки",
Feature4,703,Text,,"A table of layout conversions: any number of pairs, each with its own shortcut, both ways","Таблица конвертаций раскладок: любое число пар, у каждой своя комбинация, в обе стороны",جدول تحويلات التخطيط: أي عدد من الأزواج، لكل زوج اختصاره، وفي الاتجاهين,"লেআউট রূপান্তরের তালিকা: যত ইচ্ছা জোড়া, প্রত্যেকটির নিজস্ব শর্টকাট, দুই দিকেই",布局转换表：任意多组配对，每组一个快捷键，双向转换,"Table de conversions : autant de paires que voulu, chacune avec son raccourci, dans les deux sens","Tabelle von Layout-Umwandlungen: beliebig viele Paare, jedes mit eigenem Kürzel, in beide Richtungen","लेआउट रूपांतरणों की तालिका: जितने चाहें जोड़े, हर एक का अपना शॉर्टकट, दोनों दिशाओं में","Tabella di conversioni di layout: quante coppie vuoi, ognuna con la sua scorciatoia, nei due sensi","Tabela de conversões: quantos pares quiser, cada um com seu atalho, nos dois sentidos","Tabla de conversiones: tantos pares como quieras, cada uno con su atajo, en los dos sentidos","Таблиця перетворень розкладок: будь-яка кількість пар, кожна зі своїм сполученням, в обидва боки",
Feature5,704,Text,,"Converts by physical key position, so AZERTY and QWERTZ layouts are handled correctly",Преобразование по физическим клавишам — AZERTY и QWERTZ обрабатываются корректно,يحوّل حسب الموضع الفعلي للمفاتيح، لذا تُعالَج AZERTY وQWERTZ معالجة صحيحة,"কী-গুলোর ভৌত অবস্থান অনুযায়ী বদলায়, তাই AZERTY ও QWERTZ ঠিকঠাক সামলানো হয়",按物理按键位置转换，因此 AZERTY 与 QWERTZ 布局都能正确处理,Convertit d'après la position physique des touches : AZERTY et QWERTZ sont traités correctement,"Wandelt nach physischer Tastenposition um, daher werden AZERTY und QWERTZ korrekt behandelt","कुंजियों की भौतिक स्थिति से बदलता है, इसलिए AZERTY और QWERTZ सही तरह संभाले जाते हैं",Converte in base alla posizione fisica dei tasti: AZERTY e QWERTZ sono gestiti correttamente,Converte pela posição física das teclas: AZERTY e QWERTZ são tratados corretamente,Convierte por la posición física de las teclas: AZERTY y QWERTZ se tratan correctamente,Перетворення за фізичними клавішами — AZERTY та QWERTZ обробляються коректно,
Feature6,705,Text,,Separate hotkey fixes accidental CapsLock (swaps UPPER/lower case),Отдельная горячая клавиша исправляет случайный CapsLock (меняет ВЕРХНИЙ/нижний регистр),اختصار مستقل يصحّح مفتاح الأحرف الكبيرة المفعَّل سهوًا (تبديل الكبيرة والصغيرة),আলাদা শর্টকাট ভুলে চালু রাখা CapsLock ঠিক করে (বড়/ছোট হাতের অক্ষর অদলবদল),单独的快捷键修正误开的大写锁定（大小写互换）,Un raccourci dédié corrige le verrouillage majuscules (échange MAJUSCULES et minuscules),Eigenes Tastenkürzel korrigiert versehentliche Feststelltaste (GROSS/klein vertauschen),अलग शॉर्टकट गलती से चालू CapsLock ठीक करता है (बड़े/छोटे अक्षर बदल देता है),Una scorciatoia dedicata corregge il BLOC MAIUSC inserito per sbaglio (scambia MAIUSCOLE/minuscole),Um atalho separado corrige o Caps Lock esquecido (troca MAIÚSCULAS e minúsculas),Un atajo aparte corrige el BLOQ MAYÚS olvidado (intercambia MAYÚSCULAS y minúsculas),Окрема гаряча клавіша виправляє випадковий CapsLock (міняє ВЕРХНІЙ/нижній регістр),
Feature7,706,Text,,"Install, reorder and remove Windows keyboard layouts without the Windows language pane","Установка, порядок и удаление раскладок Windows без раздела языков Windows",ثبِّت تخطيطات ويندوز وأعد ترتيبها واحذفها دون فتح لوحة اللغات,"উইন্ডোজের ভাষা প্যানেল ছাড়াই কীবোর্ড লেআউট ইনস্টল, ক্রম বদল ও অপসারণ",安装、重新排序和移除 Windows 键盘布局，无需打开语言面板,"Installez, réordonnez et supprimez les dispositions Windows sans ouvrir le panneau des langues","Windows-Tastaturlayouts installieren, umsortieren und entfernen - ohne die Windows-Sprachverwaltung","विंडोज़ के भाषा पैनल के बिना कीबोर्ड लेआउट इंस्टॉल करें, क्रम बदलें और हटाएँ","Installa, riordina e rimuovi i layout di Windows senza aprire il pannello delle lingue","Instale, reordene e remova layouts do Windows sem abrir o painel de idiomas","Instala, reordena y quita distribuciones de Windows sin abrir el panel de idiomas","Встановлення, порядок і видалення розкладок Windows без розділу мов Windows",
Feature8,707,Text,,"Per-language switch shortcuts that Windows handles itself, so they work when CyrFlip is closed",Прямые сочетания на язык обрабатывает сама Windows — работают и при закрытом CyrFlip,اختصارات لكل لغة يتولاها ويندوز نفسه، فتعمل حتى عند إغلاق CyrFlip,প্রতি ভাষার শর্টকাট যা উইন্ডোজ নিজেই সামলায় - CyrFlip বন্ধ থাকলেও কাজ করে,由 Windows 自身处理的按语言直达快捷键，CyrFlip 关闭后依然有效,Raccourcis par langue gérés par Windows : ils fonctionnent même quand CyrFlip est fermé,"Sprachwechsel-Kürzel, die Windows selbst verarbeitet - sie wirken auch bei geschlossenem CyrFlip",हर भाषा के लिए शॉर्टकट जिन्हें विंडोज़ खुद संभालता है - CyrFlip बंद होने पर भी चलते हैं,Scorciatoie per lingua gestite da Windows: funzionano anche quando CyrFlip è chiuso,Atalhos por idioma processados pelo Windows: funcionam mesmo com o CyrFlip fechado,Atajos por idioma que gestiona Windows: siguen funcionando con CyrFlip cerrado,Прямі сполучення на мову обробляє сама Windows — працюють і за закритого CyrFlip,
Feature9,708,Text,,"Optional encrypted clipboard history with search, pin, and Windows DPAPI protection","Необязательная зашифрованная история буфера: поиск, закрепление, защита Windows DPAPI",سجل حافظة اختياري ومشفَّر: بحث وتثبيت وحماية بتشفير DPAPI في ويندوز,"ঐচ্ছিক এনক্রিপ্ট করা ক্লিপবোর্ড ইতিহাস: খোঁজা, পিন করা ও উইন্ডোজ DPAPI সুরক্ষা",可选的加密剪贴板历史：搜索、置顶，并有 Windows DPAPI 保护,"Historique du presse-papiers facultatif et chiffré : recherche, épinglage, protection DPAPI","Optionaler verschlüsselter Zwischenablageverlauf mit Suche, Anheften und Windows-DPAPI-Schutz","वैकल्पिक एन्क्रिप्टेड क्लिपबोर्ड इतिहास: खोज, पिन और विंडोज़ DPAPI सुरक्षा","Cronologia appunti opzionale e cifrata, con ricerca, voci fissate e protezione DPAPI di Windows","Histórico opcional e criptografado da área de transferência: busca, fixar e proteção DPAPI","Historial del portapapeles opcional y cifrado, con búsqueda, anclaje y protección DPAPI","Необов'язкова зашифрована історія буфера: пошук, закріплення, захист Windows DPAPI",
Feature10,709,Text,,Two keep-awake switches: no sleep and no screen blanking while you work,"Два переключателя: не давать компьютеру заснуть и не гасить экран, пока вы работаете",مفتاحان لمنع السكون: لا سكون ولا إطفاء للشاشة أثناء العمل,"দুটি সুইচ: কাজের সময় ঘুম নয়, পর্দা নেভানোও নয়",两个防休眠开关：工作时不进入睡眠，也不熄灭屏幕,Deux interrupteurs anti-veille : ni mise en veille ni extinction de l'écran pendant le travail,Zwei Wachhalte-Schalter: kein Ruhezustand und kein Bildschirmabschalten während der Arbeit,"दो स्विच: काम के दौरान न स्लीप, न स्क्रीन बंद",Due interruttori anti-sospensione: niente standby e niente schermo spento mentre lavori,Dois interruptores anti-suspensão: sem dormir e sem apagar a tela enquanto você trabalha,Dos interruptores anti-suspensión: sin reposo y sin apagado de pantalla mientras trabajas,"Два перемикачі: не давати комп'ютеру заснути й не гасити екран, поки ви працюєте",
Feature11,710,Text,,"Interface in 13 languages, right-to-left included; follows your Windows language","Интерфейс на 13 языках, включая письмо справа налево; следует за языком Windows",واجهة بثلاث عشرة لغة، بما فيها من اليمين إلى اليسار؛ تتبع لغة ويندوز,"১৩টি ভাষায় ইন্টারফেস, ডান-থেকে-বামসহ; উইন্ডোজের ভাষা অনুসরণ করে",界面支持 13 种语言，含从右向左书写；默认跟随 Windows 语言,"Interface en 13 langues, y compris de droite à gauche ; suit la langue de Windows","Oberfläche in 13 Sprachen, auch von rechts nach links; folgt Ihrer Windows-Sprache","13 भाषाओं में इंटरफ़ेस, दाएँ से बाएँ सहित; विंडोज़ की भाषा का अनुसरण करता है","Interfaccia in 13 lingue, anche da destra a sinistra; segue la lingua di Windows","Interface em 13 idiomas, inclusive da direita para a esquerda; segue o idioma do Windows","Interfaz en 13 idiomas, también de derecha a izquierda; sigue el idioma de Windows","Інтерфейс 13 мовами, зокрема з письмом справа наліво; слідує за мовою Windows",
Feature12,711,Text,,"Runs quietly in the tray, low memory, nothing extra to install","Тихо работает в трее, мало памяти, ничего доустанавливать не нужно",يعمل بهدوء في علبة النظام، ذاكرة قليلة، ولا شيء إضافي للتثبيت,"ট্রে-তে নিঃশব্দে চলে, কম মেমরি, বাড়তি কিছু ইনস্টল করার দরকার নেই",安静地运行在托盘中，内存占用低，无需额外安装,"Tourne discrètement dans la zone de notification, peu de mémoire, rien de plus à installer","Läuft unauffällig im Infobereich, wenig Speicher, nichts zusätzlich zu installieren","ट्रे में चुपचाप चलता है, कम मेमोरी, अतिरिक्त कुछ इंस्टॉल करने की ज़रूरत नहीं","Gira discreta nell'area di notifica, poca memoria, nulla di aggiuntivo da installare","Roda discreto na área de notificação, pouca memória, nada extra para instalar","Funciona discreta en la bandeja, poca memoria, nada más que instalar","Тихо працює в треї, мало пам'яті, нічого додатково встановлювати не потрібно",
Feature13,712,Text,,Open source - no telemetry and no data collection; the only network use is your own Ollama,Открытый код — без телеметрии и без сбора данных; в сеть ходит только перевод через ваш Ollama,مفتوح المصدر - بلا تتبع ولا جمع بيانات؛ والاستخدام الوحيد للشبكة هو Ollama لديك,"ওপেন সোর্স - টেলিমেট্রি নেই, তথ্য সংগ্রহ নেই; নেটওয়ার্কের একমাত্র ব্যবহার আপনার Ollama",开源 —— 无遥测、不收集数据；唯一的网络访问是你自己的 Ollama,Code ouvert - pas de télémétrie ni de collecte ; le seul réseau utilisé est votre propre Ollama,"Quelloffen - keine Telemetrie, keine Datenerfassung; das Netz nutzt nur Ihr eigenes Ollama","ओपन सोर्स - न टेलीमेट्री, न डेटा संग्रह; नेटवर्क का एकमात्र उपयोग आपका अपना Ollama",Codice aperto - niente telemetria né raccolta dati; l'unica rete usata è il tuo Ollama,Código aberto - sem telemetria nem coleta de dados; a única rede usada é o seu próprio Ollama,Código abierto - sin telemetría ni recogida de datos; la única red que usa es tu propio Ollama,Відкритий код — без телеметрії та збору даних; у мережу ходить лише ваш власний Ollama,
Feature14,713,Text,,"Optional Quick launch: your programs, scripts and yt-dlp downloads as one-click scenarios","Необязательный «Быстрый запуск»: программы, скрипты и загрузки yt-dlp как сценарии в один клик",تشغيل سريع اختياري: برامجك ونصوصك وتنزيلات yt-dlp كسيناريوهات بنقرة واحدة,"ঐচ্ছিক দ্রুত চালু: প্রোগ্রাম, স্ক্রিপ্ট ও yt-dlp ডাউনলোড এক-ক্লিক দৃশ্যকল্প হিসেবে",可选的快速启动：程序、脚本和 yt-dlp 下载变成一键场景,"Lancement rapide facultatif : programmes, scripts et téléchargements yt-dlp en un clic","Optionaler Schnellstart: Programme, Skripte und yt-dlp-Downloads als Szenarien mit einem Klick","वैकल्पिक क्विक लॉन्च: प्रोग्राम, स्क्रिप्ट और yt-dlp डाउनलोड एक-क्लिक परिदृश्य के रूप में","Avvio rapido opzionale: programmi, script e download yt-dlp come scenari a un clic","Inicialização rápida opcional: programas, scripts e downloads do yt-dlp em um clique","Inicio rápido opcional: programas, scripts y descargas de yt-dlp como escenarios de un clic","Необов'язковий «Швидкий запуск»: програми, скрипти та завантаження yt-dlp як сценарії в один клік",
Feature15,714,Text,,"Start a scenario from the tray, its own global hotkey, or the taskbar Jump List","Запуск сценария из трея, по своей глобальной комбинации или из Jump List панели задач",شغّل سيناريو من علبة النظام أو باختصار عام خاص به أو من قائمة الانتقال,"দৃশ্যকল্প চালান ট্রে থেকে, নিজস্ব গ্লোবাল শর্টকাট থেকে বা টাস্কবারের জাম্প লিস্ট থেকে",从托盘、专属全局快捷键或任务栏跳转列表启动场景,"Lancez un scénario depuis la zone de notification, son raccourci global ou la liste de raccourcis","Szenario starten aus dem Infobereich, per eigenem globalem Kürzel oder aus der Sprungliste","परिदृश्य ट्रे से, अपने ग्लोबल शॉर्टकट से या टास्कबार जंप लिस्ट से चलाएँ","Avvia uno scenario dall'area di notifica, da una scorciatoia globale o dalla Jump List","Inicie um cenário pela área de notificação, por atalho global ou pela Jump List","Lanza un escenario desde la bandeja, con su atajo global o desde la Jump List","Запуск сценарію з трея, за своїм глобальним сполученням або з Jump List панелі завдань",
Feature16,715,Text,,Optional local translator: a selection is translated by hotkey in a window at the mouse pointer,Необязательный локальный перевод: выделенный текст переводится по горячей клавише в окне у курсора мыши,مترجم محلي اختياري: يُترجَم النص المحدد باختصار، في نافذة بجوار مؤشر الفأرة,"ঐচ্ছিক স্থানীয় অনুবাদক: নির্বাচিত লেখা শর্টকাটে, মাউস পয়েন্টারের পাশের উইন্ডোতে",可选的本地翻译器：按快捷键翻译所选文本，结果显示在鼠标指针旁,"Traducteur local facultatif : la sélection est traduite par raccourci, près du pointeur","Optionaler lokaler Übersetzer: Auswahl per Tastenkürzel, Ergebnis im Fenster am Mauszeiger","वैकल्पिक स्थानीय अनुवादक: चुना हुआ टेक्स्ट शॉर्टकट से, माउस पॉइंटर के पास विंडो में","Traduttore locale opzionale: la selezione si traduce con una scorciatoia, accanto al puntatore","Tradutor local opcional: a seleção é traduzida por atalho, ao lado do ponteiro do mouse","Traductor local opcional: la selección se traduce con un atajo, junto al puntero del ratón",Необов'язковий локальний перекладач: виділення перекладається у вікні біля вказівника миші,
Feature17,716,Text,,"Translation runs on Ollama on your own computer - installed separately, off until you enable it","Перевод работает на Ollama на вашем компьютере — ставится отдельно, по умолчанию выключен",تعمل الترجمة عبر Ollama على حاسوبك - يُثبَّت على حدة، ومعطَّل افتراضيًا,"অনুবাদ চলে আপনার নিজের কম্পিউটারের Ollama-তে - আলাদা ইনস্টল, ডিফল্টভাবে বন্ধ",翻译在你自己电脑的 Ollama 上运行 —— 单独安装，默认关闭,"La traduction s'exécute sur Ollama, sur votre ordinateur - installé à part, éteint par défaut","Die Übersetzung läuft über Ollama auf Ihrem Rechner - separat installiert, standardmäßig aus","अनुवाद आपके अपने कंप्यूटर पर Ollama से चलता है - अलग से इंस्टॉल, डिफ़ॉल्ट रूप से बंद","La traduzione gira su Ollama sul tuo computer - installato a parte, spento finché non lo attivi","A tradução roda no Ollama no seu computador - instalado à parte, desligado por padrão",La traducción corre en Ollama en tu ordenador - se instala aparte y está apagada por defecto,"Переклад працює на Ollama на вашому комп'ютері — встановлюється окремо, типово вимкнений",
Feature18,717,Text,,,,,,,,,,,,,,
Feature19,718,Text,,,,,,,,,,,,,,
Feature20,719,Text,,,,,,,,,,,,,,
MinimumHardwareReq1,800,Text,,,,,,,,,,,,,,
MinimumHardwareReq2,801,Text,,,,,,,,,,,,,,
MinimumHardwareReq3,802,Text,,,,,,,,,,,,,,
MinimumHardwareReq4,803,Text,,,,,,,,,,,,,,
MinimumHardwareReq5,804,Text,,,,,,,,,,,,,,
MinimumHardwareReq6,805,Text,,,,,,,,,,,,,,
MinimumHardwareReq7,806,Text,,,,,,,,,,,,,,
MinimumHardwareReq8,807,Text,,,,,,,,,,,,,,
MinimumHardwareReq9,808,Text,,,,,,,,,,,,,,
MinimumHardwareReq10,809,Text,,,,,,,,,,,,,,
MinimumHardwareReq11,810,Text,,,,,,,,,,,,,,
RecommendedHardwareReq1,850,Text,,,,,,,,,,,,,,
RecommendedHardwareReq2,851,Text,,,,,,,,,,,,,,
RecommendedHardwareReq3,852,Text,,,,,,,,,,,,,,
RecommendedHardwareReq4,853,Text,,,,,,,,,,,,,,
RecommendedHardwareReq5,854,Text,,,,,,,,,,,,,,
RecommendedHardwareReq6,855,Text,,,,,,,,,,,,,,
RecommendedHardwareReq7,856,Text,,,,,,,,,,,,,,
RecommendedHardwareReq8,857,Text,,,,,,,,,,,,,,
RecommendedHardwareReq9,858,Text,,,,,,,,,,,,,,
RecommendedHardwareReq10,859,Text,,,,,,,,,,,,,,
RecommendedHardwareReq11,860,Text,,,,,,,,,,,,,,
SearchTerm1,900,Text,,keyboard layout switcher,раскладка клавиатуры,تبديل تخطيط لوحة المفاتيح,কীবোর্ড লেআউট পরিবর্তন,键盘布局切换,changer disposition clavier,Tastaturlayout wechseln,कीबोर्ड लेआउट स्विचर,cambio layout tastiera,trocar layout do teclado,cambiar distribución teclado,перемикач розкладки,
SearchTerm2,901,Text,,layout indicator,индикатор раскладки,مؤشر التخطيط,লেআউট নির্দেশক,布局指示器,indicateur de clavier,Layout-Anzeige,लेआउट संकेतक,indicatore layout,indicador de teclado,indicador de teclado,індикатор розкладки,
SearchTerm3,902,Text,,transliteration,транслитерация,تحويل حرفي,লিপ্যন্তর,键位转写,translittération,Transliteration,लिप्यंतरण,traslitterazione,transliteração,transliteración,транслітерація,
SearchTerm4,903,Text,,caps lock fix,переключатель раскладки,إصلاح مفتاح الأحرف الكبيرة,ক্যাপস লক ঠিক করা,修正大写锁定,corriger verr maj,Feststelltaste korrigieren,कैप्स लॉक ठीक करें,correggi bloc maiusc,corrigir caps lock,arreglar bloq mayús,виправити caps lock,
SearchTerm5,904,Text,,cyrillic keyboard,кириллица латиница,لوحة مفاتيح سيريلية,সিরিলিক কীবোর্ড,西里尔文键盘,clavier cyrillique,kyrillische Tastatur,सिरिलिक कीबोर्ड,tastiera cirillica,teclado cirílico,teclado cirílico,кирилична клавіатура,
SearchTerm6,905,Text,,clipboard manager,история буфера обмена,سجل الحافظة,ক্লিপবোর্ড ইতিহাস,剪贴板历史,historique presse-papiers,Zwischenablage-Verlauf,क्लिपबोर्ड इतिहास,cronologia appunti,histórico da área de transferência,historial portapapeles,історія буфера обміну,
SearchTerm7,906,Text,,input language,исправить капслок,لغة الإدخال,ইনপুট ভাষা,输入语言,langue de saisie,Eingabesprache,इनपुट भाषा,lingua di input,idioma de entrada,idioma de entrada,мова введення,
TrailerToPlayAtTopOfListing,999,Relative path (or URL to file in Partner Center),,,,,,,,,,,,,,
Trailer1,1000,Relative path (or URL to file in Partner Center),,,,,,,,,,,,,,
Trailer2,1001,Relative path (or URL to file in Partner Center),,,,,,,,,,,,,,
Trailer3,1002,Relative path (or URL to file in Partner Center),,,,,,,,,,,,,,
Trailer4,1003,Relative path (or URL to file in Partner Center),,,,,,,,,,,,,,
Trailer5,1004,Relative path (or URL to file in Partner Center),,,,,,,,,,,,,,
Trailer6,1005,Relative path (or URL to file in Partner Center),,,,,,,,,,,,,,
Trailer7,1006,Relative path (or URL to file in Partner Center),,,,,,,,,,,,,,
Trailer8,1007,Relative path (or URL to file in Partner Center),,,,,,,,,,,,,,
Trailer9,1008,Relative path (or URL to file in Partner Center),,,,,,,,,,,,,,
Trailer10,1009,Relative path (or URL to file in Partner Center),,,,,,,,,,,,,,
Trailer11,1010,Relative path (or URL to file in Partner Center),,,,,,,,,,,,,,
Trailer12,1011,Relative path (or URL to file in Partner Center),,,,,,,,,,,,,,
Trailer13,1012,Relative path (or URL to file in Partner Center),,,,,,,,,,,,,,
Trailer14,1013,Relative path (or URL to file in Partner Center),,,,,,,,,,,,,,
Trailer15,1014,Relative path (or URL to file in Partner Center),,,,,,,,,,,,,,
TrailerTitle1,1020,Text,,,,,,,,,,,,,,
TrailerTitle2,1021,Text,,,,,,,,,,,,,,
TrailerTitle3,1022,Text,,,,,,,,,,,,,,
TrailerTitle4,1023,Text,,,,,,,,,,,,,,
TrailerTitle5,1024,Text,,,,,,,,,,,,,,
TrailerTitle6,1025,Text,,,,,,,,,,,,,,
TrailerTitle7,1026,Text,,,,,,,,,,,,,,
TrailerTitle8,1027,Text,,,,,,,,,,,,,,
TrailerTitle9,1028,Text,,,,,,,,,,,,,,
TrailerTitle10,1029,Text,,,,,,,,,,,,,,
TrailerTitle11,1030,Text,,,,,,,,,,,,,,
TrailerTitle12,1031,Text,,,,,,,,,,,,,,
TrailerTitle13,1032,Text,,,,,,,,,,,,,,
TrailerTitle14,1033,Text,,,,,,,,,,,,,,
TrailerTitle15,1034,Text,,,,,,,,,,,,,,
TrailerThumbnail1,1040,Relative path (or URL to file in Partner Center),,,,,,,,,,,,,,
TrailerThumbnail2,1041,Relative path (or URL to file in Partner Center),,,,,,,,,,,,,,
TrailerThumbnail3,1042,Relative path (or URL to file in Partner Center),,,,,,,,,,,,,,
TrailerThumbnail4,1043,Relative path (or URL to file in Partner Center),,,,,,,,,,,,,,
TrailerThumbnail5,1044,Relative path (or URL to file in Partner Center),,,,,,,,,,,,,,
TrailerThumbnail6,1045,Relative path (or URL to file in Partner Center),,,,,,,,,,,,,,
TrailerThumbnail7,1046,Relative path (or URL to file in Partner Center),,,,,,,,,,,,,,
TrailerThumbnail8,1047,Relative path (or URL to file in Partner Center),,,,,,,,,,,,,,
TrailerThumbnail9,1048,Relative path (or URL to file in Partner Center),,,,,,,,,,,,,,
TrailerThumbnail10,1049,Relative path (or URL to file in Partner Center),,,,,,,,,,,,,,
TrailerThumbnail11,1050,Relative path (or URL to file in Partner Center),,,,,,,,,,,,,,
TrailerThumbnail12,1051,Relative path (or URL to file in Partner Center),,,,,,,,,,,,,,
TrailerThumbnail13,1052,Relative path (or URL to file in Partner Center),,,,,,,,,,,,,,
TrailerThumbnail14,1053,Relative path (or URL to file in Partner Center),,,,,,,,,,,,,,
TrailerThumbnail15,1054,Relative path (or URL to file in Partner Center),,,,,,,,,,,,,,
TrailerClosedCaption1,1055,Relative path (or URL to file in Partner Center),,,,,,,,,,,,,,
TrailerClosedCaption2,1056,Relative path (or URL to file in Partner Center),,,,,,,,,,,,,,
TrailerClosedCaption3,1057,Relative path (or URL to file in Partner Center),,,,,,,,,,,,,,
TrailerClosedCaption4,1058,Relative path (or URL to file in Partner Center),,,,,,,,,,,,,,
TrailerClosedCaption5,1059,Relative path (or URL to file in Partner Center),,,,,,,,,,,,,,
TrailerClosedCaption6,1060,Relative path (or URL to file in Partner Center),,,,,,,,,,,,,,
TrailerClosedCaption7,1061,Relative path (or URL to file in Partner Center),,,,,,,,,,,,,,
TrailerClosedCaption8,1062,Relative path (or URL to file in Partner Center),,,,,,,,,,,,,,
TrailerClosedCaption9,1063,Relative path (or URL to file in Partner Center),,,,,,,,,,,,,,
TrailerClosedCaption10,1064,Relative path (or URL to file in Partner Center),,,,,,,,,,,,,,
TrailerClosedCaption11,1065,Relative path (or URL to file in Partner Center),,,,,,,,,,,,,,
TrailerClosedCaption12,1066,Relative path (or URL to file in Partner Center),,,,,,,,,,,,,,
TrailerClosedCaption13,1067,Relative path (or URL to file in Partner Center),,,,,,,,,,,,,,
TrailerClosedCaption14,1068,Relative path (or URL to file in Partner Center),,,,,,,,,,,,,,
TrailerClosedCaption15,1069,Relative path (or URL to file in Partner Center),,,,,,,,,,,,,,
TrailerAudioDescription1,1070,Relative path (or URL to file in Partner Center),,,,,,,,,,,,,,
TrailerAudioDescription2,1071,Relative path (or URL to file in Partner Center),,,,,,,,,,,,,,
TrailerAudioDescription3,1072,Relative path (or URL to file in Partner Center),,,,,,,,,,,,,,
TrailerAudioDescription4,1073,Relative path (or URL to file in Partner Center),,,,,,,,,,,,,,
TrailerAudioDescription5,1074,Relative path (or URL to file in Partner Center),,,,,,,,,,,,,,
TrailerAudioDescription6,1075,Relative path (or URL to file in Partner Center),,,,,,,,,,,,,,
TrailerAudioDescription7,1076,Relative path (or URL to file in Partner Center),,,,,,,,,,,,,,
TrailerAudioDescription8,1077,Relative path (or URL to file in Partner Center),,,,,,,,,,,,,,
TrailerAudioDescription9,1078,Relative path (or URL to file in Partner Center),,,,,,,,,,,,,,
TrailerAudioDescription10,1079,Relative path (or URL to file in Partner Center),,,,,,,,,,,,,,
TrailerAudioDescription11,1080,Relative path (or URL to file in Partner Center),,,,,,,,,,,,,,
TrailerAudioDescription12,1081,Relative path (or URL to file in Partner Center),,,,,,,,,,,,,,
TrailerAudioDescription13,1082,Relative path (or URL to file in Partner Center),,,,,,,,,,,,,,
TrailerAudioDescription14,1083,Relative path (or URL to file in Partner Center),,,,,,,,,,,,,,
TrailerAudioDescription15,1084,Relative path (or URL to file in Partner Center),,,,,,,,,,,,,,
,,,,,,,,,,,,,,,,
,,,,,,,,,,,,,,,,
,,,,,,,,,,,,,,,,
,,,,,,,,,,,,,,,,
,,,,,,,,,,,,,,,,
,,,,,,,,,,,,,,,,
,,,,,,,,,,,,,,,,
,,,,,,,,,,,,,,,,
,,,,,,,,,,,,,,,,
,,,,,,,,,,,,,,,,
,,,,,,,,,,,,,,,,
,,,,,,,,,,,,,,,,
,,,,,,,,,,,,,,,,
,,,,,,,,,,,,,,,,
,,,,,,,,,,,,,,,,
,,,,,,,,,,,,,,,,
,,,,,,,,,,,,,,,,
,,,,,,,,,,,,,,,,
,,,,,,,,,,,,,,,,
,,,,,,,,,,,,,,,,
,,,,,,,,,,,,,,,,
,,,,,,,,,,,,,,,,
,,,,,,,,,,,,,,,,
,,,,,,,,,,,,,,,,